term,language,offense_level,sightings_number
nigs,English,-,999.0
groid,English,Extremely offensive,997.0
house nigger,English,Extremely offensive,992.0
curry munchers,English,Moderately offensive,988.0
plastic paddies,English,-,987.0
wetbacks,English,-,987.0
gippo,English,Extremely offensive,983.0
nigger,English,Extremely offensive,982.0
quadroons,English,Highly offensive,979.0
himbo,English,Mildly offensive,977.0
nig nog,English,Extremely offensive,974.0
whore,English,Highly offensive,964.0
gypped,English,Moderately offensive,963.0
papists,English,Extremely offensive,963.0
gooks,English,Extremely offensive,962.0
culchies,English,-,962.0
gimpy,English,Highly offensive,962.0
slant eyes,English,Extremely offensive,956.0
rubes,English,Mildly offensive,954.0
honkey,English,Moderately offensive,953.0
Uncle Toms,English,Extremely offensive,952.0
Zionazi,English,Extremely offensive,944.0
pommy,English,Highly offensive,942.0
hosers,English,Mildly offensive,939.0
gay mafia,English,-,938.0
eurotrash,English,Extremely offensive,928.0
nig nogs,English,-,926.0
bints,English,Mildly offensive,918.0
octaroon,English,Highly offensive,911.0
pickaninnies,English,Extremely offensive,910.0
niggah,English,Extremely offensive,903.0
hoodrat,English,Highly offensive,897.0
yardie,English,Highly offensive,895.0
wexican,English,Highly offensive,894.0
coon ass,English,Highly offensive,891.0
greaseballs,English,-,890.0
faggots,English,Extremely offensive,889.0
spaz,English,Moderately offensive,885.0
wops,English,Moderately offensive,885.0
yids,English,-,883.0
faggot,English,Extremely offensive,882.0
Congoid,English,Extremely offensive,880.0
Uncle Tom,English,Highly offensive,875.0
limey,English,Mildly offensive,874.0
whitey,English,Extremely offensive,872.0
tar babies,English,-,867.0
sand niggers,English,-,866.0
whigga,English,Highly offensive,857.0
eshay,English,-,857.0
knacker,English,Extremely offensive,855.0
smoke jumpers,English,-,853.0
porch monkey,English,Extremely offensive,848.0
race traitor,English,Extremely offensive,846.0
nigglet,English,Extremely offensive,830.0
yellow bones,English,-,828.0
mud sharks,English,-,826.0
border hopper,English,Extremely offensive,824.0
heebs,English,Highly offensive,818.0
spear chuckers,English,-,816.0
fruities  ,English,-,814.0
gypo,English,Extremely offensive,813.0
chinks,English,Extremely offensive,809.0
fudgepackers,English,Highly offensive,809.0
hoser,English,Mildly offensive,807.0
Pakiland,English,Extremely offensive,803.0
picaninnies,English,-,801.0
pikers,English,-,801.0
Homintern,English,-,799.0
Africoons,English,Extremely offensive,792.0
mussies,English,-,792.0
niggur,English,Extremely offensive,791.0
gypos,English,-,788.0
bog trotter,English,Highly offensive,785.0
greasers,English,-,785.0
batty man,English,-,780.0
camel jockeys,English,Moderately offensive,780.0
munter,English,Extremely offensive,777.0
chav,English,Mildly offensive,773.0
darkies,English,Highly offensive,771.0
batty boys,English,-,770.0
dole bludgers,English,-,761.0
spic,English,Highly offensive,761.0
coons,English,-,756.0
alligator bait,English,Highly offensive,751.0
Chinaman,English,Highly offensive,751.0
poppadoms,English,-,750.0
culchie,English,-,749.0
Massholes,English,-,744.0
gimp,English,Extremely offensive,739.0
bohunk,English,Highly offensive,737.0
gyppos,English,-,733.0
jiggaboo,English,Extremely offensive,732.0
slopey,English,Extremely offensive,730.0
cowboy killers,English,-,727.0
anchor babies,English,Moderately offensive,726.0
mongs,English,-,726.0
injuns,English,-,721.0
heinies,English,Highly offensive,721.0
Kushite,English,Highly offensive,720.0
gyppo,English,Extremely offensive,712.0
yobs,English,-,711.0
shanty Irish,English,Moderately offensive,709.0
hoodrats,English,Highly offensive,705.0
gook,English,Extremely offensive,702.0
dindu,English,Extremely offensive,701.0
Gerudos,English,-,700.0
sand nigger,English,Extremely offensive,699.0
dindu nuffin,English,Extremely offensive,699.0
groids,English,-,695.0
coolies,English,-,694.0
hymie,English,Highly offensive,691.0
jigaboo,English,Extremely offensive,689.0
rednecks,English,Moderately offensive,689.0
trailer park trash,English,Highly offensive,688.0
ZOG,English,Extremely offensive,686.0
octaroons,English,-,684.0
Shylock,English,Highly offensive,684.0
cotton pickers,English,-,683.0
hayseed,English,Highly offensive,682.0
nig,English,Extremely offensive,679.0
butt pirate,English,Highly offensive,678.0
niggers,English,Extremely offensive,678.0
red bone,English,Moderately offensive,678.0
quadroon,English,Highly offensive,676.0
redneck,English,Highly offensive,675.0
ocker,English,Highly offensive,674.0
pommies,English,-,667.0
towel head,English,Extremely offensive,667.0
nigras,English,-,666.0
gaylords,English,-,663.0
towel heads,English,-,663.0
pavement apes,English,-,663.0
wigger,English,Extremely offensive,661.0
beaner,English,Highly offensive,659.0
whiggas,English,Moderately offensive,655.0
cripple,English,Highly offensive,654.0
coloureds,English,-,649.0
nigers,English,-,648.0
pavement ape,English,Extremely offensive,644.0
kneegrow,English,Extremely offensive,643.0
nicca,English,Extremely offensive,643.0
jungle bunny,English,Extremely offensive,643.0
picaninny,English,-,641.0
camel jockey,English,Highly offensive,640.0
Cushite,English,Highly offensive,640.0
bludger,English,Mildly offensive,639.0
peckerwood,English,Highly offensive,638.0
scallies,English,-,635.0
slags,English,Highly offensive,633.0
dyke,English,Extremely offensive,632.0
whiggers,English,-,632.0
ching chong,English,Highly offensive,628.0
bitches,English,Moderately offensive,626.0
beaners,English,Extremely offensive,623.0
wiggas,English,-,621.0
poppadom,English,Extremely offensive,618.0
cowboy killer,English,Highly offensive,616.0
mud ducks,English,-,615.0
sluts,English,Extremely offensive,608.0
coolie,English,Extremely offensive,607.0
piker,English,Highly offensive,606.0
lipstick lesbian,English,-,604.0
tar baby,English,Extremely offensive,603.0
dhimmi,English,Extremely offensive,603.0
smick,English,Mildly offensive,601.0
fag,English,Extremely offensive,599.0
polack,English,Highly offensive,598.0
retards,English,Moderately offensive,589.0
batty bwoy,English,-,588.0
Jihadi,English,Highly offensive,588.0
anchor baby,English,Highly offensive,586.0
sheboons,English,-,580.0
kneegroes,English,-,580.0
polacks,English,-,575.0
niggars,English,-,574.0
fudgepacker,English,Highly offensive,573.0
slut,English,Highly offensive,572.0
plastic paddy,English,Extremely offensive,571.0
mud duck,English,Extremely offensive,571.0
fezzes,English,-,570.0
niggar,English,Extremely offensive,569.0
slant eye,English,Extremely offensive,568.0
spics,English,Highly offensive,565.0
gator bait,English,Highly offensive,564.0
Fenian,English,-,563.0
moulie,English,Extremely offensive,563.0
hayseeds,English,-,559.0
Christ killers,English,-,558.0
squaws,English,Extremely offensive,558.0
moxies,English,-,557.0
Fenians,English,-,555.0
niggas,English,Mildly offensive,553.0
mosshead,English,Highly offensive,547.0
spick,English,Extremely offensive,545.0
spicks,English,Highly offensive,543.0
libtard,English,Mildly offensive,543.0
charver,English,Highly offensive,541.0
yokel,English,Highly offensive,538.0
paleface,English,Moderately offensive,537.0
white trash,English,Moderately offensive,534.0
bog trotters,English,Extremely offensive,530.0
mulatto,English,Extremely offensive,529.0
moon crickets,English,Extremely offensive,524.0
globalists,English,-,522.0
fagbag,English,Extremely offensive,517.0
dole bludger,English,Extremely offensive,517.0
squaw,English,Extremely offensive,516.0
gopniks,English,-,514.0
cracker,English,Mildly offensive,513.0
faggy,English,Extremely offensive,510.0
Masshole,English,-,509.0
bull dyke,English,-,509.0
niggurs,English,-,507.0
sideways vagina,English,Extremely offensive,507.0
nigga,English,Highly offensive,502.0
booner,English,Highly offensive,500.0
golliwogs,English,-,497.0
Argies,English,-,496.0
piccaninny,English,-,494.0
Anglos,English,-,493.0
banana benders,English,Mildly offensive,492.0
Northern monkeys,English,-,491.0
chink,English,Extremely offensive,489.0
gooky,English,Extremely offensive,488.0
chavs,English,-,485.0
ofays,English,-,483.0
dhimmis,English,Extremely offensive,481.0
yobbos,English,-,478.0
piccaninnies,English,-,477.0
wagon burner,English,Extremely offensive,474.0
sand monkey,English,Highly offensive,471.0
gypsies,English,-,470.0
nigguhs,English,Extremely offensive,461.0
camel humper,English,Extremely offensive,460.0
camel fuckers,English,Extremely offensive,459.0
wop,English,Highly offensive,458.0
closet fag,English,Extremely offensive,457.0
nigglets,English,-,455.0
moon cricket,English,Extremely offensive,454.0
heeb,English,Highly offensive,452.0
palefaces,English,Moderately offensive,450.0
holohoax,English,Extremely offensive,450.0
bug eaters,English,-,449.0
sideways pussy,English,Extremely offensive,447.0
Hooray Henry,English,Mildly offensive,446.0
guala,English,Extremely offensive,445.0
guidette,English,Highly offensive,445.0
banana bender,English,Mildly offensive,443.0
papist,English,Extremely offensive,442.0
Chinamen,English,-,439.0
nips,English,-,438.0
halfrican,English,Highly offensive,437.0
rube,English,Moderately offensive,437.0
eyetie,English,Highly offensive,437.0
Congoids,English,-,436.0
sambos,English,-,435.0
cunts,English,Extremely offensive,432.0
yokels,English,Moderately offensive,431.0
bitch,English,Moderately offensive,428.0
yard ape,English,Extremely offensive,428.0
scally,English,Extremely offensive,428.0
halfricans,English,Extremely offensive,424.0
jiggabo,English,Extremely offensive,422.0
border jumper,English,Highly offensive,422.0
sperg,English,Moderately offensive,421.0
mongoloids,English,-,420.0
gurrier,English,Extremely offensive,418.0
kraut,English,Highly offensive,416.0
sheboon,English,Extremely offensive,416.0
skanger,English,Highly offensive,414.0
dink,English,Extremely offensive,414.0
dinks,English,-,413.0
azns,English,-,412.0
Kushites,English,-,411.0
higger,English,Highly offensive,407.0
ragheads,English,-,405.0
darkie,English,Highly offensive,402.0
pakis,English,Extremely offensive,401.0
munts,English,-,400.0
guidos,English,-,398.0
buckra,English,Highly offensive,396.0
jackeen,English,-,394.0
cotton picker,English,Highly offensive,394.0
whores,English,-,393.0
lemonhead,English,Highly offensive,392.0
touch of the tar brush,English,Extremely offensive,382.0
mongoloid,English,Highly offensive,377.0
nigguh,English,Extremely offensive,375.0
yard apes,English,-,375.0
wog,English,Highly offensive,371.0
soup taker,English,Highly offensive,369.0
queer,English,Mildly offensive,369.0
curry muncher,English,Highly offensive,366.0
golliwog,English,Extremely offensive,364.0
Orientals,English,-,360.0
munters,English,-,360.0
good goy,English,-,359.0
bimbo,English,Mildly offensive,356.0
diaper heads,English,-,354.0
spear chucker,English,Extremely offensive,349.0
muzzrats,English,-,349.0
Cushites,English,-,349.0
Southern fairies,English,-,347.0
Merkins,English,-,347.0
pikey,English,Highly offensive,343.0
khazar,English,Extremely offensive,341.0
paki,English,Extremely offensive,339.0
WASPy,English,Mildly offensive,338.0
oven dodgers,English,-,336.0
Christ killer,English,Extremely offensive,330.0
shemale,English,Extremely offensive,329.0
nigette,English,Extremely offensive,327.0
paddy,English,Extremely offensive,326.0
hillbilly,English,Highly offensive,323.0
ling lings,English,-,323.0
guidettes,English,-,323.0
nigettes,English,-,321.0
border bunny,English,Extremely offensive,320.0
Southern fairy,English,Highly offensive,320.0
tynker,English,Extremely offensive,318.0
jocky,English,Highly offensive,317.0
Argie,English,Mildly offensive,317.0
coloreds,English,-,317.0
house niggers,English,-,316.0
blaxicans,English,Mildly offensive,313.0
AmeriKKKan,English,Mildly offensive,312.0
mockey,English,Highly offensive,312.0
peckerwoods,English,-,310.0
pancake faces,English,-,308.0
niggera,English,Extremely offensive,308.0
newfies,English,Moderately offensive,307.0
race traitors,English,Highly offensive,307.0
gippos,English,-,306.0
tarded,English,Extremely offensive,305.0
Buckwheat,English,Highly offensive,305.0
Aunt Jemimas,English,Moderately offensive,305.0
mud shark,English,Extremely offensive,305.0
muzzrat,English,Extremely offensive,304.0
retard,English,Highly offensive,302.0
whigger,English,Extremely offensive,302.0
bint,English,Mildly offensive,300.0
bix nood,English,-,300.0
Oriental,English,Extremely offensive,299.0
zipperheads,English,-,298.0
honkies,English,-,298.0
hooknosed,English,-,297.0
tranny,English,Highly offensive,296.0
brown invaders,English,Highly offensive,295.0
nappyhead,English,Extremely offensive,293.0
spergs,English,Mildly offensive,292.0
mussie,English,-,288.0
spiv,English,Moderately offensive,285.0
niggerettes  ,English,-,285.0
porch monkeys,English,Extremely offensive,284.0
niggors,English,-,282.0
cock tease,English,-,282.0
ice monkey,English,Highly offensive,281.0
cripples,English,Highly offensive,281.0
Afro-Saxons,English,Mildly offensive,276.0
redskin,English,Extremely offensive,276.0
wogs,English,-,275.0
ghey,English,Highly offensive,274.0
niccas,English,Highly offensive,265.0
gurriers,English,-,264.0
scags,English,-,264.0
sheepfucker,English,Extremely offensive,263.0
mutah,English,Extremely offensive,263.0
ice monkeys,English,-,262.0
closet fags,English,-,261.0
durka durka,English,-,258.0
battymen,English,-,257.0
Jap,English,Moderately offensive,257.0
yobbo,English,Highly offensive,254.0
coon,English,Extremely offensive,252.0
kyke,English,Extremely offensive,252.0
niggahs,English,Extremely offensive,251.0
diaper head,English,Extremely offensive,249.0
jant,English,Moderately offensive,248.0
Rico Suave,English,Moderately offensive,247.0
Armos,English,-,247.0
mulignan,English,Highly offensive,246.0
hebro,English,Extremely offensive,243.0
krauts,English,Moderately offensive,243.0
camel humpers,English,Extremely offensive,243.0
dykes,English,Highly offensive,243.0
Americoons,English,-,242.0
spides,English,-,242.0
border hoppers,English,-,242.0
boonie,English,Highly offensive,241.0
guineas,English,-,241.0
chavette,English,-,241.0
bluegum,English,Highly offensive,240.0
mulato,English,Highly offensive,236.0
dune coon,English,Extremely offensive,235.0
retardeds,English,-,235.0
smicks,English,-,235.0
scobe,English,Highly offensive,234.0
Northern monkey,English,Highly offensive,232.0
soup takers,English,-,231.0
Japs,English,Mildly offensive,230.0
gipps,English,-,229.0
millie,English,Extremely offensive,229.0
hajjis,English,-,228.0
niggor,English,Extremely offensive,227.0
niggress,English,Extremely offensive,227.0
taqiyya,English,Extremely offensive,226.0
hillbillies,English,-,225.0
sheenies,English,-,220.0
beaner baby,English,Extremely offensive,220.0
pikeys,English,-,219.0
Osamas,English,-,217.0
hooknose,English,-,216.0
lipstick lesbians,English,-,216.0
charvas,English,Mildly offensive,214.0
Chuslim,English,Extremely offensive,211.0
batty boy,English,-,210.0
limeys,English,-,209.0
battyman,English,-,209.0
niglette,English,Extremely offensive,209.0
kykes,English,-,206.0
camel fucker,English,Extremely offensive,206.0
niglets,English,Extremely offensive,205.0
gews,English,-,205.0
fagbags,English,-,204.0
jigaboos,English,Extremely offensive,204.0
scuffer,English,Extremely offensive,204.0
feminazi,English,-,204.0
nigars,English,-,204.0
dune coons,English,-,204.0
blue gums,English,Mildly offensive,202.0
niggerette,English,Extremely offensive,198.0
roundeyes,English,-,198.0
ching chongs,English,Highly offensive,197.0
niggerville,English,Extremely offensive,197.0
spig,English,Extremely offensive,194.0
Africoon,English,Extremely offensive,194.0
musla,English,Extremely offensive,193.0
spiks,English,-,192.0
wexicans,English,-,190.0
oven dodger,English,Highly offensive,190.0
gaylord,English,Highly offensive,189.0
jants,English,-,188.0
nigra,English,Extremely offensive,187.0
honkie,English,Highly offensive,187.0
chonkies,English,Moderately offensive,184.0
hajis,English,-,183.0
pogue,English,Moderately offensive,183.0
muttah,English,Extremely offensive,183.0
pickaninny,English,Extremely offensive,182.0
ghetto monkey,English,-,181.0
spigger,English,Extremely offensive,181.0
gypsy,English,Highly offensive,180.0
sheeny,English,Highly offensive,179.0
bungas,English,-,179.0
blue gum,English,Highly offensive,178.0
pommie,English,Extremely offensive,177.0
mokes,English,-,176.0
spik,English,Extremely offensive,176.0
shemales,English,-,176.0
stump jumpers,English,-,176.0
buckras,English,-,175.0
tree jumper,English,Moderately offensive,174.0
chimp-out,English,Extremely offensive,174.0
Jits,English,Moderately offensive,173.0
Japland,English,Extremely offensive,172.0
negro,English,Extremely offensive,172.0
Sloane Ranger,English,-,172.0
Zionazis,English,-,171.0
sengas,English,-,171.0
jhant,English,Moderately offensive,170.0
Orangies,English,-,169.0
pisslam,English,Extremely offensive,166.0
gualas,English,Extremely offensive,166.0
niglet,English,Extremely offensive,165.0
yellow bone,English,Moderately offensive,164.0
mungs,English,-,164.0
moulinyan,English,Extremely offensive,163.0
white nigger,English,Extremely offensive,161.0
smoke jumper,English,Highly offensive,161.0
reffo,English,Extremely offensive,160.0
wagon burners,English,-,159.0
newfie,English,Moderately offensive,158.0
wetback,English,Extremely offensive,158.0
porki,English,Highly offensive,158.0
shants,English,Mildly offensive,158.0
scallie,English,Extremely offensive,157.0
border bunnies,English,-,156.0
skangers,English,-,156.0
redskins,English,Extremely offensive,155.0
ikes,English,-,155.0
jiggaboos,English,Extremely offensive,155.0
spide,English,Extremely offensive,154.0
dagos,English,-,154.0
mangia cake,English,Highly offensive,153.0
Bog Irish,English,Highly offensive,151.0
sand monkeys,English,-,151.0
tards,English,Moderately offensive,149.0
roundeye,English,Highly offensive,149.0
latrinos,English,-,148.0
papooses,English,Moderately offensive,146.0
red bones,English,Moderately offensive,146.0
charva,English,Moderately offensive,145.0
booners,English,-,145.0
halala,English,Extremely offensive,142.0
batiman,English,-,140.0
gubba,English,Highly offensive,137.0
curry stinker,English,Extremely offensive,137.0
white niggers,English,-,137.0
bogan,English,Highly offensive,137.0
mick,English,Moderately offensive,135.0
stump jumper,English,Highly offensive,135.0
batty men,English,-,135.0
boong,English,Extremely offensive,135.0
seppos,English,-,134.0
sooties,English,-,134.0
scobes,English,-,134.0
conchuda,English,Extremely offensive,133.0
spivs,English,Mildly offensive,132.0
bohunks,English,-,132.0
ghetto monkeys,English,-,132.0
neechee,English,Extremely offensive,131.0
gubbas,English,-,131.0
wigga,English,Extremely offensive,129.0
hebes,English,-,129.0
croweater,English,-,128.0
kunt,English,Highly offensive,126.0
scanger,English,Highly offensive,125.0
niggerize,English,Extremely offensive,125.0
feminazis,English,-,125.0
sideways vaginas,English,Extremely offensive,124.0
darkey,English,Extremely offensive,124.0
charvers,English,-,124.0
sambo,English,Extremely offensive,123.0
gimps,English,-,121.0
hori,English,Highly offensive,120.0
nichiwa,English,Extremely offensive,119.0
bull dykes,English,-,119.0
beaner babies,English,Extremely offensive,118.0
croweaters,English,-,118.0
Rhineland bastards,English,Extremely offensive,117.0
closet dyke,English,Moderately offensive,117.0
butterheads,English,Highly offensive,117.0
sheepfuckers,English,-,116.0
jewbag,English,Extremely offensive,116.0
wegro,English,Extremely offensive,116.0
dinges,English,Highly offensive,115.0
niggerization,English,Extremely offensive,115.0
good goys,English,-,115.0
Lebs,English,-,115.0
gheys  ,English,Highly offensive,115.0
degos,English,-,114.0
hos,English,-,114.0
blaxican,English,Mildly offensive,113.0
eshays,English,Moderately offensive,113.0
mong,English,Extremely offensive,112.0
Afro-Saxon,English,Mildly offensive,110.0
prairie nigger,English,Extremely offensive,110.0
abbos,English,Extremely offensive,109.0
tard,English,Highly offensive,108.0
divvies,English,-,108.0
lowlander,English,Highly offensive,108.0
bogans,English,Highly offensive,106.0
nafris,English,-,104.0
hebros,English,Extremely offensive,104.0
queers,English,-,103.0
arsim,English,-,102.0
hadjis,English,-,100.0
kike,English,Extremely offensive,100.0
goober,English,Extremely offensive,99.0
muzzies,English,-,98.0
proddy dog,English,Highly offensive,97.0
the goyim know,English,-,97.0
shit heel,English,Highly offensive,96.0
eyeties,English,-,95.0
jiggas,English,-,95.0
steeks,English,-,93.0
nafri,English,Highly offensive,93.0
zhid,English,-,93.0
gyppy,English,Extremely offensive,93.0
wapanese,English,Highly offensive,92.0
khazars,English,-,92.0
tree jumpers,English,Mildly offensive,92.0
nigor,English,Extremely offensive,91.0
nigre,English,Extremely offensive,90.0
nichis,English,-,89.0
ping pang,English,Highly offensive,88.0
muzrats,English,-,83.0
Kushi,English,Extremely offensive,82.0
Lebbo,English,Extremely offensive,82.0
abos,English,Highly offensive,82.0
island nigger,English,Extremely offensive,82.0
batty bwoys,English,-,81.0
conchudas,English,-,80.0
moulignon,English,Extremely offensive,79.0
jigro,English,Extremely offensive,79.0
pickaninnys,English,-,79.0
latrino,English,Highly offensive,79.0
boongs,English,-,77.0
bean bandit,English,Highly offensive,77.0
trailer trash,English,Extremely offensive,77.0
dago,English,Highly offensive,77.0
sawney,English,Mildly offensive,76.0
ockers,English,-,75.0
butt pirates,English,Moderately offensive,74.0
jockie,English,Highly offensive,74.0
trannies,English,Highly offensive,73.0
mulignans,English,Moderately offensive,73.0
guala gualas,English,-,73.0
mochs,English,Highly offensive,72.0
ginzo,English,Highly offensive,72.0
niger,English,Extremely offensive,72.0
slopehead,English,Highly offensive,72.0
African catfish,English,Extremely offensive,72.0
mossheads,English,-,72.0
hebe,English,Extremely offensive,71.0
proddy dogs,English,-,71.0
hadji,English,Highly offensive,70.0
muzzie,English,Highly offensive,70.0
muzrat,English,Extremely offensive,70.0
ziojew,English,Extremely offensive,70.0
sand apes,English,-,70.0
Ubangis,English,-,69.0
darky,English,Extremely offensive,69.0
gyps,English,Moderately offensive,69.0
redlegs,English,Extremely offensive,68.0
boongas,English,-,67.0
steek,English,Extremely offensive,66.0
fagshit,English,Extremely offensive,66.0
dogans,English,-,66.0
chavettes,English,-,66.0
Hunkies,English,-,65.0
Zio,English,Highly offensive,64.0
dogun,English,Extremely offensive,63.0
ikeys,English,-,63.0
haji,English,Highly offensive,62.0
moke,English,Extremely offensive,62.0
sideways pussies,English,Extremely offensive,62.0
Jewbacca,English,Extremely offensive,62.0
hajji,English,Highly offensive,61.0
Hooray Henries,English,Mildly offensive,61.0
chi chi bwoy,English,-,60.0
mocky,English,Extremely offensive,60.0
twats,English,Mildly offensive,60.0
Cushi,English,Moderately offensive,59.0
dingo fucker,English,Extremely offensive,59.0
border baby,English,-,58.0
senga,English,Mildly offensive,58.0
black invader,English,Highly offensive,58.0
moky,English,Extremely offensive,57.0
red nigger,English,Extremely offensive,57.0
border bandits,English,-,57.0
derka derka,English,Highly offensive,57.0
ginzos,English,-,56.0
muzzy,English,Highly offensive,54.0
Americoon,English,Extremely offensive,54.0
nigar,English,Extremely offensive,54.0
smoked Irish,English,Highly offensive,54.0
japie,English,Extremely offensive,53.0
ice nigger,English,Extremely offensive,52.0
bluegums,English,-,52.0
jiggers,English,Extremely offensive,52.0
bootlip,English,Extremely offensive,52.0
octroon,English,Highly offensive,52.0
dresiarz,English,-,51.0
dot heads,English,Highly offensive,51.0
ziojews,English,-,51.0
border jumpers,English,-,51.0
moulinyans,English,-,51.0
neejee,English,Extremely offensive,51.0
carpet pilot,English,Highly offensive,50.0
burrhead,English,Highly offensive,50.0
durka durkas  ,English,-,49.0
ofay,English,Highly offensive,48.0
hairyback,English,Highly offensive,48.0
niggerton,English,-,48.0
niggerdick,English,-,48.0
mud person,English,Extremely offensive,47.0
pohm,English,Highly offensive,47.0
higgers,English,Moderately offensive,47.0
dyke jumper,English,Mildly offensive,47.0
goobers,English,-,47.0
virago,English,-,47.0
mokies,English,Extremely offensive,47.0
Caublasian,English,Moderately offensive,46.0
Hunyak,English,Highly offensive,45.0
moolinyan,English,Extremely offensive,44.0
honky,English,Moderately offensive,44.0
rice nigger,English,Extremely offensive,44.0
niggertown,English,Extremely offensive,44.0
uncircumcised baboon,English,Extremely offensive,43.0
spink,English,Extremely offensive,42.0
Sloane Rangers,English,-,42.0
kikes,English,Extremely offensive,42.0
jewtard,English,Extremely offensive,42.0
lubra,English,Extremely offensive,42.0
CoronaJihad,English,Extremely offensive,42.0
clog wog,English,Moderately offensive,41.0
nitchie,English,Highly offensive,41.0
neches,English,-,41.0
thicklips,English,Extremely offensive,40.0
guido,English,Highly offensive,40.0
black invaders,English,-,39.0
mammy,English,Extremely offensive,39.0
flipette,English,-,39.0
velvet mafia,English,Mildly offensive,39.0
brown invader,English,Highly offensive,38.0
Leb,English,Extremely offensive,38.0
ling ling,English,Extremely offensive,37.0
jungle bunnys,English,-,37.0
scangers,English,-,37.0
chimp-outs,English,-,37.0
mil bag,English,Extremely offensive,37.0
border bandit,English,-,36.0
chee chees,English,-,36.0
half breeds,English,-,35.0
spigotty,English,Extremely offensive,35.0
hymies,English,Moderately offensive,35.0
moss eater,English,Extremely offensive,34.0
mangia cakes,English,-,34.0
nitchy,English,Highly offensive,34.0
cow kisser,English,Highly offensive,34.0
honklets,English,-,33.0
gubs,English,-,33.0
jhants,English,-,33.0
sand ape,English,Extremely offensive,33.0
mackerel snappers,English,Moderately offensive,32.0
Hoorah Henry,English,-,32.0
nigres,English,-,32.0
octroons,English,-,32.0
popolos,English,-,32.0
bog hoppers,English,-,31.0
flips,English,-,31.0
dot head,English,Highly offensive,31.0
Hooray Henrietta,English,-,31.0
hooknoses,English,-,31.0
chi chi man,English,-,30.0
banjo lips,English,Extremely offensive,30.0
spiggers,English,-,30.0
nigors,English,-,30.0
spicish,English,Extremely offensive,30.0
gook eyes,English,-,30.0
mullatoes,English,-,29.0
taco nigger,English,Extremely offensive,29.0
coonadian,English,Extremely offensive,29.0
tinkeres,English,-,29.0
closet dykes  ,English,-,28.0
carpet pilots,English,-,28.0
jiggabos,English,-,27.0
squinties,English,-,27.0
honklet,English,Highly offensive,26.0
yellow invader,English,Extremely offensive,26.0
mockies,English,Moderately offensive,26.0
Kushis,English,-,26.0
Aunt Sallys,English,-,26.0
lubras,English,-,26.0
pickinninies,English,-,25.0
jigg,English,Extremely offensive,25.0
guala guala,English,Highly offensive,25.0
niggerfag,English,Extremely offensive,25.0
Jim Fish,English,Extremely offensive,25.0
jigger,English,Extremely offensive,25.0
border babies  ,English,-,25.0
suspook,English,Extremely offensive,24.0
lugan,English,Highly offensive,24.0
Buddhaheads,English,-,24.0
moulies,English,-,24.0
bootlips,English,Extremely offensive,24.0
chonky,English,Moderately offensive,24.0
pohms,English,-,24.0
timber nigger,English,Extremely offensive,23.0
spigs,English,-,23.0
beach nigger,English,Highly offensive,23.0
piccaninnys,English,-,22.0
slopeheads,English,-,22.0
bog jumper,English,Mildly offensive,22.0
rice niggers,English,-,22.0
half breed,English,Extremely offensive,22.0
nidges,English,-,22.0
bog hopper,English,Highly offensive,21.0
bean bandits,English,Highly offensive,21.0
pineapple nigger,English,Extremely offensive,21.0
bush bandit,English,Extremely offensive,21.0
Lebbos,English,-,21.0
roofucker,English,Extremely offensive,20.0
hories,English,-,20.0
zhyd,English,-,20.0
cave nigger,English,Extremely offensive,20.0
mooks,English,Moderately offensive,20.0
Aunt Marys,English,Moderately offensive,20.0
quashie,English,Highly offensive,20.0
nigger-rig,English,Extremely offensive,20.0
zigabo,English,Highly offensive,20.0
tree niggers,English,Extremely offensive,20.0
tree nigger,English,Extremely offensive,19.0
kanaka,English,Extremely offensive,19.0
mockeys,English,-,18.0
mackerel snapper,English,Moderately offensive,18.0
camel cowboy,English,Extremely offensive,18.0
muslamic,English,Highly offensive,17.0
pussy,English,Moderately offensive,17.0
kotiyas,English,-,17.0
island niggers,English,-,17.0
Aunt Janes,English,Mildly offensive,17.0
shyster,English,Highly offensive,17.0
ghetto hamster,English,Highly offensive,17.0
curry stinkers,English,Extremely offensive,16.0
bush bandits,English,-,16.0
African catfishes,English,-,16.0
red niggers,English,Extremely offensive,16.0
spinks,English,Extremely offensive,16.0
wegroes,English,-,16.0
arsit,English,-,16.0
eh hole,English,Mildly offensive,15.0
muslimal,English,Highly offensive,15.0
degette,English,-,15.0
picaninnys,English,Extremely offensive,15.0
chinig,English,Extremely offensive,15.0
honkeye,English,Highly offensive,15.0
Amo,English,Mildly offensive,15.0
mockie,English,Highly offensive,14.0
hatzis,English,-,14.0
hairybacks,English,-,14.0
closetfag,English,Highly offensive,14.0
hick,English,Highly offensive,14.0
bean dipper,English,Moderately offensive,14.0
chimped-out,English,Extremely offensive,14.0
spiclet,English,Highly offensive,14.0
popolo,English,Extremely offensive,14.0
black dago,English,Highly offensive,13.0
bix noods,English,-,13.0
japies,English,-,13.0
semihole,English,Extremely offensive,13.0
boojies,English,-,13.0
prairie niggers,English,Extremely offensive,13.0
zipperhead,English,Extremely offensive,12.0
gin jockey,English,Highly offensive,12.0
moss eaters,English,-,12.0
closetfags,English,-,12.0
mil bags,English,-,12.0
jiggs,English,-,12.0
lugans,English,-,12.0
dinge,English,Highly offensive,12.0
dune nigger,English,Extremely offensive,12.0
raghead,English,Extremely offensive,12.0
gyppie,English,Extremely offensive,12.0
ricepicker,English,Highly offensive,12.0
halalification,English,Extremely offensive,11.0
Velcro heads,English,-,11.0
carrot snappers,English,-,11.0
bamboo coon,English,Extremely offensive,11.0
derka derkas,English,-,11.0
gypoes  ,English,-,11.0
gyp,English,Highly offensive,11.0
Gwat,English,Extremely offensive,11.0
gooky eyes,English,-,11.0
tinkere,English,Extremely offensive,10.0
cow kissers,English,Highly offensive,10.0
Caublasians,English,-,10.0
gookettes  ,English,-,10.0
spice nigger,English,Extremely offensive,10.0
tinkar,English,Moderately offensive,10.0
yellow invaders,English,-,10.0
pickinniny,English,-,10.0
whoriental,English,-,10.0
jewtarded,English,Extremely offensive,10.0
semiholes,English,-,9.0
niggerdicks,English,-,9.0
border nigger,English,Extremely offensive,9.0
taco niggers,English,-,9.0
batimen,English,-,9.0
hodgies,English,-,9.0
camel cowboys,English,-,9.0
Honyock,English,Highly offensive,9.0
carrot snapper,English,Highly offensive,9.0
chimp pack,English,Extremely offensive,9.0
dingo fuckers,English,-,8.0
bog jumpers,English,Mildly offensive,8.0
Armo,English,Moderately offensive,8.0
canigger,English,Extremely offensive,8.0
jigarooni,English,Extremely offensive,8.0
tincker,English,Extremely offensive,8.0
wiggerettes,English,-,8.0
whitie,English,-,8.0
dyke jumpers,English,Mildly offensive,8.0
Rhineland bastard,English,Extremely offensive,8.0
gook eye,English,Extremely offensive,8.0
eh holes,English,-,8.0
wiggerette,English,Extremely offensive,8.0
smoked Irishman,English,Extremely offensive,7.0
timber niggers,English,-,7.0
flipettes  ,English,-,7.0
JihadiVirus,English,Extremely offensive,7.0
clamheads,English,Moderately offensive,7.0
ricepickers,English,-,7.0
ice niggers,English,-,7.0
uncircumcised baboons,English,-,7.0
cave niggers,English,Extremely offensive,7.0
Buddhahead,English,Highly offensive,6.0
Hooray Henriettas,English,-,6.0
burrheads,English,Highly offensive,6.0
clog wogs,English,Moderately offensive,6.0
shysters,English,-,6.0
gyppies,English,-,6.0
cairo coon,English,-,6.0
gender nigger,English,Extremely offensive,6.0
hatzi,English,-,6.0
filthypinos,English,-,6.0
sand niglets,English,-,6.0
hodgie,English,Highly offensive,6.0
spickish,English,Extremely offensive,6.0
Russellites,English,-,6.0
injun,English,Extremely offensive,6.0
buk buks,English,Moderately offensive,5.0
whorientals,English,-,5.0
nitchee,English,Highly offensive,5.0
sheister,English,Extremely offensive,5.0
WICs,English,-,5.0
ZOG lover,English,Extremely offensive,5.0
jew-fucker,English,Extremely offensive,5.0
chili shitters,English,-,5.0
chi chi men,English,-,5.0
Palestinkian,English,Mildly offensive,5.0
spice niggers,English,Extremely offensive,5.0
da goyim know,English,-,4.0
Hunyaks,English,-,4.0
carrot snap,English,-,4.0
carrot snaps  ,English,-,4.0
chi chi,English,Extremely offensive,4.0
Honyak,English,Extremely offensive,4.0
chili shitter,English,Highly offensive,4.0
chi chi bwoys,English,-,4.0
gub,English,Highly offensive,4.0
zhidovka,English,-,4.0
gin jockeys,English,-,4.0
sheisters,English,-,4.0
Chinese wetback,English,Extremely offensive,3.0
coonadians,English,-,3.0
machosexual,English,-,3.0
kotiya,English,Highly offensive,3.0
jigga,English,Extremely offensive,3.0
mud persons,English,-,3.0
jijjiboo,English,Extremely offensive,3.0
wiggers,English,-,3.0
ikey mo,English,Extremely offensive,3.0
Cushis,English,Mildly offensive,3.0
filthypino,English,Extremely offensive,3.0
ghetto hamsters,English,-,3.0
Russellite,English,Extremely offensive,3.0
Sheltas,English,-,3.0
sideways cooters,English,-,3.0
ZOG lovers,English,-,3.0
retarded,English,Moderately offensive,3.0
neechees,English,-,3.0
beach niggers,English,-,3.0
gook eyed,English,-,3.0
fagdick,English,-,3.0
brass ankle,English,Highly offensive,3.0
buk buk,English,Moderately offensive,3.0
gyppoes  ,English,-,3.0
Honyaks,English,-,3.0
fog nigger,English,Extremely offensive,2.0
dagowop,English,Extremely offensive,2.0
dogan,English,Extremely offensive,2.0
four by two,English,Highly offensive,2.0
dune niggers,English,Extremely offensive,2.0
spook,English,Extremely offensive,2.0
cunt,English,Extremely offensive,2.0
pickinninys,English,-,2.0
Hunyock,English,Extremely offensive,2.0
smoked Irishmen,English,-,2.0
Ubangee,English,Highly offensive,2.0
sand nips,English,-,2.0
quashies,English,-,2.0
proddywoddy,English,Highly offensive,2.0
bean dippers,English,Mildly offensive,2.0
nitchies,English,-,2.0
jigros,English,Extremely offensive,2.0
brass ankles,English,-,2.0
Hoorah Henries,English,-,2.0
camel jacker,English,Extremely offensive,2.0
camel jackers,English,-,2.0
moulignons,English,-,2.0
cholo chaser,English,Highly offensive,2.0
kikesberg,English,Extremely offensive,2.0
ABCs,English,Mildly offensive,2.0
6 gorillion,English,Highly offensive,
ABC,English,Mildly offensive,
Aunt Jemima,English,Mildly offensive,
Freá¸¥a,English,-,
Gwats,English,-,
Hoorah Henrietta,English,-,
Hunyocks,English,-,
QuranoVirus,English,-,
Rhine monkey,English,Moderately offensive,
albino,English,Mildly offensive,
ape,English,Extremely offensive,
bamboo coons,English,-,
banana lander,English,Mildly offensive,
bans and cans,English,Moderately offensive,
beaner shnitzel,English,Extremely offensive,
buckethead,English,Highly offensive,
buckrette,English,-,
cab nigger,English,Extremely offensive,
cab niggers,English,Highly offensive,
cairo coons,English,-,
can eaters,English,-,
chug,English,Highly offensive,
dagowops,English,Extremely offensive,
degettes  ,English,-,
doguns,English,-,
eight ball,English,Extremely offensive,
fish wagon,English,Moderately offensive,
flipabeanos,English,Moderately offensive,
fog niggers,English,-,
fruit,English,Moderately offensive,
gay,English,Extremely offensive,
ginger,English,Mildly offensive,
gingette,English,-,
gingettes  ,English,-,
gookette,English,Extremely offensive,
jit,English,Moderately offensive,
leprechaun,English,Highly offensive,
muk,English,Highly offensive,
muzzpig,English,Extremely offensive,
ned,English,Extremely offensive,
net head,English,Highly offensive,
nigger-knock,English,Extremely offensive,
proddywhoddies,English,-,
proddywhoddy,English,Highly offensive,
proddywoddies,English,Highly offensive,
roofuckers,English,Extremely offensive,
sand niggerette,English,Extremely offensive,
sand nip,English,Extremely offensive,
sawnies,English,-,
sideways cooter,English,Extremely offensive,
skank,English,Moderately offensive,
sooty,English,Highly offensive,
spicspeak,English,Extremely offensive,
tenkers,English,-,
tinkard,English,Extremely offensive,
tynekere,English,Extremely offensive,
zhydovka,English,-,
zigabos,English,Moderately offensive,
