term,language,sightings,offense_level
6 gorillion,English,1 sighting,Highly offensive
ABC,English,1 sighting,Mildly offensive
ABCD,English,-,Mildly offensive
ABCDs(plural ofABCD),English,-,Mildly offensive
ABCs(plural ofABC),English,2 sightings,Mildly offensive
African catfish,English,72 sightings(Recent),Extremely offensive
African catfishes(plural ofAfrican catfish),English,16 sightings(Recent),-
Africoon,English,194 sightings(Recent),Extremely offensive
Africoons(plural ofAfricoon),English,792 sightings(Recent),Extremely offensive
Afro-Saxon,English,110 sightings(Recent),Mildly offensive
Afro-Saxons(plural ofAfro-Saxon),English,276 sightings(Recent),Mildly offensive
Ahab,English,-,Highly offensive
Ahabs(plural ofAhab),English,-,Highly offensive
AmeriKKKan,English,312 sightings(Recent),Mildly offensive
Americoon,English,54 sightings(Recent),Extremely offensive
Americoons(plural ofAmericoon),English,242 sightings(Recent),-
Amo,English,15 sightings(Recent),Mildly offensive
Amos(plural ofAmo),English,-,Moderately offensive
Angie,English,-,Mildly offensive
Angies(plural ofAngie),English,-,-
Anglo,English,-,Mildly offensive
Anglo Fool,English,-,Moderately offensive
Anglos(plural ofAnglo),English,493 sightings(Recent),-
Ann,English,-,Mildly offensive
Annies(plural ofAnn),English,-,Mildly offensive
Anns(plural ofAnn),English,-,Moderately offensive
Argie,English,317 sightings(Recent),Mildly offensive
Argies(plural ofArgie),English,496 sightings(Recent),-
Armo,English,8 sightings,Moderately offensive
Armos(plural ofArmo),English,247 sightings(Recent),-
Aunt Jane(variant ofAunt Jemima),English,-,Mildly offensive
Aunt Janes(plural ofAunt Jane),English,17 sightings,Mildly offensive
Aunt Jemima,English,1 sighting,Mildly offensive
Aunt Jemimas(plural ofAunt Jemima),English,305 sightings(Recent),Moderately offensive
Aunt Mary(variant ofAunt Jemima),English,-,Moderately offensive
Aunt Marys(plural ofAunt Mary),English,20 sightings(Recent),Moderately offensive
Aunt Sally(variant ofAunt Jemima),English,-,-
Aunt Sallys(plural ofAunt Sally),English,26 sightings(Recent),-
Beckies(plural ofBecky),English,-,-
Becky,English,-,-
Beckys(plural ofBecky),English,-,-
Bengali,English,-,Mildly offensive
Bengalis(plural ofBengali),English,-,Mildly offensive
Bihari,English,-,Moderately offensive
Biharis(plural ofBihari),English,-,Moderately offensive
Bog Irish,English,151 sightings(Recent),Highly offensive
Bounty bar,English,-,Moderately offensive
Bounty bars(plural ofBounty bar),English,-,Moderately offensive
Buckwheat,English,305 sightings(Recent),Highly offensive
Buddhahead,English,6 sightings,Highly offensive
Buddhaheads(plural ofBuddhahead),English,24 sightings,-
Caublasian,English,46 sightings(Recent),Moderately offensive
Caublasians(plural ofCaublasian),English,10 sightings,-
Chad,English,-,Mildly offensive
Chad Thundercock(variant ofChad),English,-,-
Chad Thundercocks(plural ofChad Thundercock),English,-,-
Chads(plural ofChad),English,-,Mildly offensive
Charlie,English,-,Extremely offensive
Charlies(plural ofCharlie),English,-,-
Charly(variant ofCharlie),English,-,-
Chinaman,English,"3,751 sightings(Recent)",Highly offensive
Chinamen(plural ofChinaman),English,"2,439 sightings(Recent)",-
Chinese wetback,English,3 sightings,Extremely offensive
Chinese wetbacks(plural ofChinese wetback),English,-,-
Christ killer,English,330 sightings(Recent),Extremely offensive
Christ killers(plural ofChrist killer),English,558 sightings(Recent),-
Chuslim,English,211 sightings(Recent),Extremely offensive
Cocoa Puff(variant ofcocoa),English,-,Highly offensive
Cocoa Puffs(plural ofCocoa Puff),English,-,-
Congoid,English,880 sightings(Recent),Extremely offensive
Congoids(plural ofCongoid),English,436 sightings(Recent),-
CoronaJihad,English,42 sightings(Recent),Extremely offensive
Covid786,English,-,Extremely offensive
Cushi(variant ofCushite),English,59 sightings,Moderately offensive
Cushis(plural ofCushi),English,3 sightings,Mildly offensive
Cushite,English,640 sightings(Recent),Highly offensive
Cushites(plural ofCushite),English,349 sightings(Recent),-
FGM,English,-,Extremely offensive
FOB(variant offresh off the boat),English,-,Extremely offensive
FOBs(plural ofFOB),English,-,-
Fairy,English,-,Extremely offensive
Fenian,English,563 sightings(Recent),-
Fenians(plural ofFenian),English,555 sightings(Recent),-
Freḥa(transliteration ofפרחה),English,1 sighting,-
Gerudo,English,-,Extremely offensive
Gerudos(plural ofGerudo),English,700 sightings(Recent),-
Girl,English,-,Moderately offensive
Gwat,English,11 sightings,Extremely offensive
Gwats(plural ofGwat),English,1 sighting,-
Homintern,English,799 sightings(Recent),-
Honyak(variant ofHunyak),English,4 sightings,Extremely offensive
Honyaks(plural ofHonyak),English,3 sightings(Recent),-
Honyock(variant ofHunyak),English,9 sightings,Highly offensive
Honyocks(plural ofHonyock),English,-,-
Hoorah Henries(plural ofHoorah Henry),English,2 sightings,-
Hoorah Henrietta(variant ofHooray Henrietta),English,1 sighting,-
Hoorah Henriettas(plural ofHoorah Henrietta),English,-,-
Hoorah Henry(variant ofHooray Henry),English,32 sightings(Recent),-
Hooray Henries(plural ofHooray Henry),English,61 sightings(Recent),Mildly offensive
Hooray Henrietta,English,31 sightings(Recent),-
Hooray Henriettas(plural ofHooray Henrietta),English,6 sightings,-
Hooray Henry,English,446 sightings(Recent),Mildly offensive
Hun,English,-,Highly offensive
Hunkie(variant ofHunky),English,-,Highly offensive
Hunkies(plural ofHunkie),English,65 sightings(Recent),-
Hunky,English,-,Highly offensive
Huns(plural ofHun),English,-,-
Hunyak,English,45 sightings,Highly offensive
Hunyaks(plural ofHunyak),English,4 sightings,-
Hunyock(variant ofHunyak),English,2 sightings,Extremely offensive
Hunyocks(plural ofHunyock),English,1 sighting,-
JAFA,English,-,-
JAFAs(plural ofJAFA),English,-,-
Jap,English,257 sightings(Recent),Moderately offensive
Japland(variant ofJap),English,172 sightings(Recent),Extremely offensive
Japs(plural ofJap),English,"1,230 sightings(Recent)",Mildly offensive
Jerries(plural ofJerry),English,-,-
Jerry,English,-,Highly offensive
Jewbacca,English,62 sightings(Recent),Extremely offensive
Jihadi,English,"1,588 sightings(Recent)",Highly offensive
JihadiVirus,English,7 sightings,Extremely offensive
Jihadis(plural ofJihadi),English,-,Highly offensive
Jim Fish,English,25 sightings(Recent),Extremely offensive
Jits(plural ofjit),English,173 sightings(Recent),Moderately offensive
Junior Mint,English,-,Highly offensive
Kushi(variant ofCushite),English,82 sightings(Recent),Extremely offensive
Kushis(plural ofKushi),English,26 sightings(Recent),-
Kushite(variant ofCushite),English,720 sightings(Recent),Highly offensive
Kushites(plural ofKushite),English,411 sightings(Recent),-
Leb,English,38 sightings,Extremely offensive
Lebbo(variant ofLeb),English,82 sightings(Recent),Extremely offensive
Lebbos(plural ofLebbo),English,21 sightings,-
Lebs(plural ofLeb),English,115 sightings(Recent),-
MTN,English,-,Highly offensive
MTNs(plural ofMTN),English,-,-
Madrasi,English,-,Highly offensive
Masshole,English,509 sightings(Recent),-
Massholes(plural ofMasshole),English,744 sightings(Recent),-
Merkin,English,-,Highly offensive
Merkins(plural ofMerkin),English,347 sightings(Recent),-
Mickey Finn(variant ofmick),English,-,Moderately offensive
Mickey Finns(plural ofMickey Finn),English,-,-
Moor,English,-,Extremely offensive
Moors(plural ofMoor),English,-,-
Northern monkey,English,232 sightings(Recent),Highly offensive
Northern monkeys(plural ofNorthern monkey),English,491 sightings(Recent),-
Okie,English,-,-
Okies(plural ofOkie),English,-,-
Orangie,English,-,Highly offensive
Orangies(plural ofOrangie),English,169 sightings(Recent),-
Oreo,English,-,Extremely offensive
Oreos(plural ofOreo),English,-,-
Oriental,English,299 sightings(Recent),Extremely offensive
Orientals(plural ofOriental),English,360 sightings(Recent),-
Osama,English,-,Extremely offensive
Osamas(plural ofOsama),English,217 sightings(Recent),-
Paedo,English,-,Extremely offensive
Pakiland(variant ofpaki),English,"1,803 sightings(Recent)",Extremely offensive
Palestinkian,English,5 sightings,Mildly offensive
Pepper,English,-,Highly offensive
Peppers(plural ofPepper),English,-,-
Pepsi(variant ofPepper),English,-,Highly offensive
Pepsis(plural ofPepsi),English,-,-
Punjab,English,-,Moderately offensive
QuranoVirus,English,1 sighting,-
Rhine monkey,English,1 sighting,Moderately offensive
Rhine monkeys(plural ofRhine monkey),English,-,Mildly offensive
Rhineland bastard(variant ofRhine monkey),English,8 sightings,Extremely offensive
Rhineland bastards(plural ofRhineland bastard),English,117 sightings(Recent),Extremely offensive
Rico Suave,English,247 sightings(Recent),Moderately offensive
Russellite,English,3 sightings,Extremely offensive
Russellites(plural ofRussellite),English,6 sightings,-
Shelta,English,-,Highly offensive
Sheltas(plural ofShelta),English,3 sightings,-
Shy(variant ofShylock),English,-,Highly offensive
Shylock,English,684 sightings(Recent),Highly offensive
Skip,English,-,Mildly offensive
Skippies(plural ofSkippy),English,-,-
Skippy(variant ofSkip),English,-,Mildly offensive
Skips(plural ofSkip),English,-,-
Sloane Ranger,English,172 sightings(Recent),-
Sloane Rangers(plural ofSloane Ranger),English,42 sightings,-
Southern fairies(plural ofSouthern fairy),English,347 sightings(Recent),-
Southern fairy,English,320 sightings(Recent),Highly offensive
Taffy,English,-,Highly offensive
Taffys(plural ofTaffy),English,-,-
Tommies(plural ofTommy),English,-,-
Tommy,English,-,Extremely offensive
Twinkie,English,-,Extremely offensive
Twinkies(plural ofTwinkie),English,-,-
Ubangee(variant ofUbangi),English,2 sightings,Highly offensive
Ubangees(plural ofUbangee),English,-,-
Ubangi,English,-,Highly offensive
Ubangis(plural ofUbangi),English,69 sightings(Recent),-
Uncle Tom,English,"1,875 sightings(Recent)",Highly offensive
Uncle Toms(plural ofUncle Tom),English,"1,952 sightings(Recent)",Extremely offensive
Velcro head,English,-,Extremely offensive
Velcro heads(plural ofVelcro head),English,11 sightings(Recent),-
WASP,English,-,Mildly offensive
WASPs(plural ofWASP),English,-,Mildly offensive
WASPy(variant ofWASP),English,338 sightings(Recent),Mildly offensive
WIC,English,-,Extremely offensive
WICs(plural ofWIC),English,5 sightings,-
Yank,English,-,Highly offensive
Yankee(variant ofYank),English,-,Highly offensive
Yankees(plural ofYankee),English,-,-
Yanks(plural ofYank),English,-,-
ZOG,English,686 sightings(Recent),Extremely offensive
ZOG lover,English,5 sightings,Extremely offensive
ZOG lovers(plural ofZOG lover),English,3 sightings,-
Zio,English,64 sightings(Recent),Highly offensive
Zionazi,English,"2,944 sightings(Recent)",Extremely offensive
Zionazis(plural ofZionazi),English,"1,171 sightings(Recent)",-
abbo(variant ofabo),English,-,Extremely offensive
abbos(plural ofabbo),English,109 sightings(Recent),Extremely offensive
abo,English,-,Highly offensive
abos(plural ofabo),English,82 sightings(Recent),Highly offensive
af,English,-,Extremely offensive
african't,English,-,Highly offensive
african'ts(plural ofafrican't),English,-,Highly offensive
afs(plural ofaf),English,-,Extremely offensive
albino,English,1 sighting,Mildly offensive
albinos(plural ofalbino),English,-,-
albo,English,-,-
alboes(variant ofalbos)  (plural ofalbo),English,-,-
albos(plural ofalbo),English,-,-
alligator bait,English,751 sightings(Recent),Highly offensive
anchor babies(plural ofanchor baby),English,"2,726 sightings(Recent)",Moderately offensive
anchor baby,English,"1,586 sightings(Recent)",Highly offensive
ape,English,1 sighting,Extremely offensive
apes(plural ofape),English,-,Extremely offensive
apple,English,-,Highly offensive
apples(plural ofapple),English,-,-
ars(transliteration ofערס‎ `ars),English,-,Moderately offensive
arsim(plural ofars),English,102 sightings(Recent),-
arsit(variant ofars),English,16 sightings(Recent),-
azn,English,-,Mildly offensive
azns(plural ofazn),English,412 sightings(Recent),-
bamboo coon,English,11 sightings,Extremely offensive
bamboo coons(plural ofbamboo coon),English,1 sighting,-
ban and can(variant ofbans and cans),English,-,-
banana,English,-,Highly offensive
banana bender,English,443 sightings(Recent),Mildly offensive
banana benders(plural ofbanana bender),English,492 sightings(Recent),Mildly offensive
banana lander(variant ofbanana bender),English,1 sighting,Mildly offensive
banana landers(plural ofbanana lander),English,-,-
bananas(plural ofbanana),English,-,-
banislam,English,-,-
banjo lips,English,30 sightings,Extremely offensive
bans and cans,English,1 sighting,Moderately offensive
batiman(variant ofbatty boy),English,140 sightings(Recent),-
batimen(plural ofbatiman),English,9 sightings,-
batty boy,English,"1,210 sightings(Recent)",-
batty boys(plural ofbatty boy),English,770 sightings(Recent),-
batty bwoy(variant ofbatty boy),English,588 sightings(Recent),-
batty bwoys(plural ofbatty bwoy),English,81 sightings(Recent),-
batty man(variant ofbatty boy),English,780 sightings(Recent),-
batty men(plural ofbatty man),English,135 sightings(Recent),-
battyman(variant ofbatty boy),English,"1,209 sightings(Recent)",-
battymen(plural ofbattyman),English,257 sightings(Recent),-
beach nigger,English,23 sightings,Highly offensive
beach niggers(plural ofbeach nigger),English,3 sightings,-
bean bandit,English,77 sightings(Recent),Highly offensive
bean bandits(plural ofbean bandit),English,21 sightings,Highly offensive
bean dipper,English,14 sightings,Moderately offensive
bean dippers(plural ofbean dipper),English,2 sightings,Mildly offensive
beaner,English,"1,659 sightings(Recent)",Highly offensive
beaner babies(variant ofanchor baby),English,118 sightings(Recent),Extremely offensive
beaner baby(variant ofanchor babies),English,220 sightings(Recent),Extremely offensive
beaner shnitzel,English,1 sighting(Recent),Extremely offensive
beaner shnitzels(plural ofbeaner shnitzel),English,-,-
beaners(plural ofbeaner),English,"1,623 sightings(Recent)",Extremely offensive
beaney(variant ofbeaner),English,-,Highly offensive
beanies(plural ofbeaney),English,-,-
bhrempti,English,-,Mildly offensive
bhremptis(plural ofbhrempti),English,-,-
bimbo,English,356 sightings(Recent),Mildly offensive
bint(variant ofbitch),English,300 sightings(Recent),Mildly offensive
bints(plural ofbint),English,918 sightings(Recent),Mildly offensive
bird,English,-,Mildly offensive
birds(plural ofbird),English,-,Mildly offensive
bitch,English,"2,428 sightings(Recent)",Moderately offensive
bitches(plural ofbitch),English,"2,626 sightings(Recent)",Moderately offensive
bix nood,English,300 sightings(Recent),-
bix noods(plural ofbix nood),English,13 sightings(Recent),-
black Barbie,English,-,Mildly offensive
black Barbies(plural ofblack Barbie),English,-,-
black dago,English,13 sightings,Highly offensive
black dagoes(variant ofblack dagos)  (plural ofblack dago),English,-,-
black dagos(plural ofblack dago),English,-,-
black invader,English,58 sightings(Recent),Highly offensive
black invaders(plural ofblack invader),English,39 sightings(Recent),-
blaxican,English,113 sightings(Recent),Mildly offensive
blaxicans(plural ofblaxican),English,313 sightings(Recent),Mildly offensive
blockhead,English,-,Moderately offensive
blockheads(plural ofblockhead),English,-,-
bludger,English,"1,639 sightings(Recent)",Mildly offensive
bludgers(plural ofbludger),English,-,-
blue gum,English,178 sightings(Recent),Highly offensive
blue gums(plural ofblue gum),English,202 sightings(Recent),Mildly offensive
bluegum,English,240 sightings(Recent),Highly offensive
bluegums(plural ofbluegum),English,52 sightings(Recent),-
bog hopper(variant ofBog Irish),English,21 sightings,Highly offensive
bog hoppers(plural ofbog hopper),English,31 sightings,-
bog jumper(variant ofBog Irish),English,22 sightings,Mildly offensive
bog jumpers(plural ofbog jumper),English,8 sightings(Recent),Mildly offensive
bog trotter(variant ofBog Irish),English,785 sightings(Recent),Highly offensive
bog trotters(plural ofbog trotter),English,530 sightings(Recent),Extremely offensive
bogan,English,"2,137 sightings(Recent)",Highly offensive
bogans(plural ofbogan),English,"1,106 sightings(Recent)",Highly offensive
bohunk,English,737 sightings(Recent),Highly offensive
bohunks(plural ofbohunk),English,132 sightings(Recent),-
bong(variant ofboong),English,-,Extremely offensive
bongs(plural ofbong),English,-,-
boo(variant ofjigaboo),English,-,Highly offensive
boogat,English,-,-
boogats(plural ofboogat),English,-,-
boojie,English,-,Highly offensive
boojies(plural ofboojie),English,13 sightings(Recent),-
book book,English,-,Highly offensive
book books(plural ofbook book),English,-,-
boon(variant ofbooner),English,-,Highly offensive
booner,English,500 sightings(Recent),Highly offensive
booners(plural ofbooner),English,145 sightings(Recent),-
boong,English,135 sightings(Recent),Extremely offensive
boonga(variant ofboong),English,-,Extremely offensive
boongas(plural ofboonga),English,67 sightings,-
boongs(plural ofboong),English,77 sightings(Recent),-
boonie(variant ofboong),English,241 sightings(Recent),Highly offensive
boonies(plural ofboonie),English,-,Mildly offensive
boons(plural ofboon),English,-,-
boos(plural ofboo),English,-,-
bootlip,English,52 sightings(Recent),Extremely offensive
bootlips(plural ofbootlip),English,24 sightings,Extremely offensive
border babies(variant ofanchor baby)  (plural ofborder baby),English,25 sightings,-
border baby(variant ofanchor baby),English,58 sightings(Recent),-
border bandit(variant ofborder jumpers),English,36 sightings(Recent),-
border bandito(variant ofborder bandits),English,-,-
border banditoes(variant ofborder banditos),English,-,-
border banditos(plural ofborder bandito),English,-,-
border bandits(plural ofborder bandit),English,57 sightings,-
border bunnies(plural ofborder bunny),English,156 sightings(Recent),-
border bunny(variant ofwetback),English,320 sightings(Recent),Extremely offensive
border hopper(variant ofwetback),English,"2,824 sightings(Recent)",Extremely offensive
border hoppers(plural ofborder hopper),English,"2,242 sightings(Recent)",-
border jumper(variant ofwetback),English,"3,422 sightings(Recent)",Highly offensive
border jumpers(plural ofborder jumper),English,"3,051 sightings(Recent)",-
border nigger(variant ofwetback),English,9 sightings,Extremely offensive
border niggers(plural ofborder nigger),English,-,Extremely offensive
boujee,English,-,-
boujees(plural ofboujee),English,-,-
boxhead,English,-,Moderately offensive
boxheads(plural ofboxhead),English,-,-
brass ankle,English,3 sightings,Highly offensive
brass ankles(plural ofbrass ankle),English,2 sightings,-
brown invader(variant ofblack invader),English,38 sightings(Recent),Highly offensive
brown invaders(plural ofbrown invader),English,295 sightings(Recent),Highly offensive
brownie,English,-,Extremely offensive
brownies(plural ofbrownie),English,-,-
bubble,English,-,Moderately offensive
bubbles(plural ofbubble),English,-,-
buck,English,-,Moderately offensive
bucker(variant ofbuck),English,-,-
buckers(variant ofbuck)  (plural ofbucker),English,-,-
buckethead,English,1 sighting,Highly offensive
bucketheads(plural ofbuckethead),English,-,-
buckra,English,396 sightings(Recent),Highly offensive
buckras(plural ofbuckra),English,175 sightings(Recent),-
buckrette(variant ofbuckra),English,1 sighting,-
buckrettes(plural ofbuckrette),English,-,-
bucks(plural ofbuck),English,-,Moderately offensive
buffie,English,-,Highly offensive
buffies(plural ofbuffie),English,-,-
buffy(variant ofbuffie),English,-,-
bug eater,English,-,Highly offensive
bug eaters(plural ofbug eater),English,449 sightings(Recent),-
buk buk(variant ofbook book),English,3 sightings,Moderately offensive
buk buks(plural ofbuk buk),English,5 sightings,Moderately offensive
bull dyke(variant ofdyke),English,"2,509 sightings(Recent)",-
bull dykes(plural ofbull dyke),English,"1,119 sightings(Recent)",-
bumblebee,English,-,Highly offensive
bumblebees(plural ofbumblebee),English,-,Moderately offensive
bung(variant ofboong),English,-,Extremely offensive
bunga(variant ofboong),English,-,Extremely offensive
bungas(plural ofbunga),English,179 sightings(Recent),-
bungs(plural ofbung),English,-,-
burrhead,English,50 sightings,Highly offensive
burrheads(plural ofburrhead),English,6 sightings,Highly offensive
bush bandit,English,21 sightings(Recent),Extremely offensive
bush bandits(plural ofbush bandit),English,16 sightings(Recent),-
bushnigger,English,-,Highly offensive
bushniggers(plural ofbushnigger),English,-,Highly offensive
bushniglet(variant ofbushnigger),English,-,-
bushniglets(plural ofbushniglet),English,-,-
butt pirate,English,"2,678 sightings(Recent)",Highly offensive
butt pirates(plural ofbutt pirate),English,"2,074 sightings(Recent)",Moderately offensive
butterhead,English,-,Highly offensive
butterheads(plural ofbutterhead),English,117 sightings(Recent),Highly offensive
cab nigger,English,1 sighting,Extremely offensive
cab niggers(plural ofcab nigger),English,1 sighting,Highly offensive
cairo coon(variant ofsand nigger),English,6 sightings,-
cairo coons(plural ofcairo coon),English,1 sighting,-
camel cowboy(variant ofcamel jockey),English,18 sightings(Recent),Extremely offensive
camel cowboys(plural ofcamel cowboy),English,9 sightings,-
camel fucker,English,"1,206 sightings",Extremely offensive
camel fuckers(plural ofcamel fucker),English,459 sightings,Extremely offensive
camel humper(variant ofcamel jockey),English,460 sightings(Recent),Extremely offensive
camel humpers(plural ofcamel humper),English,243 sightings(Recent),Extremely offensive
camel jacker(variant ofcamel jockey),English,2 sightings,Extremely offensive
camel jackers(plural ofcamel jacker),English,2 sightings,-
camel jockey,English,"3,640 sightings(Recent)",Highly offensive
camel jockeys(plural ofcamel jockey),English,"1,780 sightings(Recent)",Moderately offensive
can and ban(variant ofbans and cans),English,-,-
can eater,English,-,Extremely offensive
can eaters(plural ofcan eater),English,1 sighting,-
canigger,English,8 sightings,Extremely offensive
caniggers(plural ofcanigger),English,-,-
canigglet(variant ofcanigger),English,-,Mildly offensive
canniglets(plural ofcanigglet),English,-,Mildly offensive
cans and bans(plural ofcan and ban),English,-,-
carpet pilot,English,50 sightings(Recent),Highly offensive
carpet pilots(plural ofcarpet pilot),English,28 sightings(Recent),-
carrot snap(variant ofcarrot snapper),English,4 sightings,-
carrot snapper,English,9 sightings,Highly offensive
carrot snappers(plural ofcarrot snapper),English,11 sightings,-
carrot snaps(variant ofcarrot snapper)  (plural ofcarrot snap),English,4 sightings,-
cave nigger,English,20 sightings,Extremely offensive
cave niggers(plural ofcave nigger),English,7 sightings,Extremely offensive
celestial,English,-,Mildly offensive
celestials(plural ofcelestial),English,-,-
charva,English,"1,145 sightings(Recent)",Moderately offensive
charvas(plural ofcharva),English,214 sightings(Recent),Mildly offensive
charver(variant ofcharva),English,541 sightings(Recent),Highly offensive
charvers(plural ofcharver),English,124 sightings(Recent),-
chav,English,773 sightings(Recent),Mildly offensive
chavette(variant ofchav),English,241 sightings(Recent),-
chavettes(plural ofchavette),English,66 sightings(Recent),-
chavs(plural ofchav),English,485 sightings(Recent),-
chee chee,English,-,Highly offensive
chee chees(plural ofchee chee),English,36 sightings(Recent),-
chi chi bwoy(variant ofchi chi man),English,60 sightings(Recent),-
chi chi bwoys(plural ofchi chi bwoy),English,4 sightings,-
chi chi man,English,30 sightings(Recent),-
chi chi men(plural ofchi chi man),English,5 sightings,-
chi chi(variant ofchee chee),English,4 sightings,Extremely offensive
chi chis(plural ofchi chi),English,-,-
chief,English,-,Extremely offensive
chigger,English,-,Highly offensive
chiggers(plural ofchigger),English,-,-
chili shitter,English,4 sightings,Highly offensive
chili shitters(plural ofchili shitter),English,5 sightings(Recent),-
chimp pack,English,9 sightings(Recent),Extremely offensive
chimp packs(plural ofchimp pack),English,-,-
chimp-out,English,174 sightings(Recent),Extremely offensive
chimp-outs(plural ofchimp pack),English,37 sightings(Recent),-
chimped-out(variant ofchimp-out),English,14 sightings(Recent),Extremely offensive
ching chong,English,628 sightings(Recent),Highly offensive
ching chongs(plural ofching chong),English,"2,197 sightings(Recent)",Highly offensive
chinig,English,15 sightings,Extremely offensive
chinigs(plural ofchinig),English,-,Extremely offensive
chink,English,489 sightings(Recent),Extremely offensive
chink a billies(plural ofchink a billy),English,-,-
chink a billy,English,-,Extremely offensive
chinks(plural ofchink),English,809 sightings(Recent),Extremely offensive
cholo chaser,English,2 sightings,Highly offensive
cholo chasers(plural ofcholo chaser),English,-,-
cholo chasing(variant ofcholo chaser),English,-,Extremely offensive
chonkies(plural ofchonky),English,184 sightings(Recent),Moderately offensive
chonky,English,"1,024 sightings(Recent)",Moderately offensive
chug,English,1 sighting,Highly offensive
chugs(plural ofchug),English,-,Highly offensive
chunkies(plural ofchunky),English,-,-
chunky(variant ofchonky),English,-,Extremely offensive
clam(variant ofclamhead),English,-,Highly offensive
clamhead,English,-,Highly offensive
clamheads(plural ofclamhead),English,7 sightings,Moderately offensive
clams(plural ofclam),English,-,-
clog wog,English,41 sightings(Recent),Moderately offensive
clog wogs(plural ofclog wog),English,6 sightings,Moderately offensive
closet dyke(variant ofcloset fag),English,117 sightings(Recent),Moderately offensive
closet dykes(variant ofcloset fag)  (plural ofcloset dyke),English,28 sightings(Recent),-
closet fag,English,457 sightings(Recent),Extremely offensive
closet fags(plural ofcloset fag),English,261 sightings(Recent),-
closetfag(variant ofcloset fag),English,14 sightings(Recent),Highly offensive
closetfags(plural ofclosetfag),English,12 sightings,-
cock tease,English,282 sightings(Recent),-
cocksucker,English,-,Highly offensive
cocksuckers(plural ofcocksucker),English,-,-
cocoa,English,-,Highly offensive
cocoas(plural ofcocoa),English,-,-
coconut,English,-,Highly offensive
coconuts(plural ofcoconut),English,-,-
cohee,English,-,-
cohees(plural ofcohee),English,-,-
colored,English,-,Extremely offensive
coloreds(plural ofcolored),English,"1,317 sightings(Recent)",-
coloured(variant ofcolored),English,-,Extremely offensive
coloureds(plural ofcoloured),English,649 sightings(Recent),-
conchuda(variant ofcunt),English,133 sightings(Recent),Extremely offensive
conchudas(plural ofconchuda),English,80 sightings(Recent),-
coolie,English,607 sightings(Recent),Extremely offensive
coolies(plural ofcoolie),English,694 sightings(Recent),-
coon,English,"1,252 sightings(Recent)",Extremely offensive
coon ass,English,"4,891 sightings(Recent)",Highly offensive
coonadian,English,29 sightings,Extremely offensive
coonadians(plural ofcoonadian),English,3 sightings,-
coons(plural ofcoon),English,756 sightings(Recent),-
cotton picker,English,"6,394 sightings(Recent)",Highly offensive
cotton pickers(plural ofcotton picker),English,683 sightings(Recent),-
cow kisser,English,34 sightings,Highly offensive
cow kissers(plural ofcow kisser),English,10 sightings,Highly offensive
cowboy killer,English,"1,616 sightings(Recent)",Highly offensive
cowboy killers(plural ofcowboy killer),English,"2,727 sightings(Recent)",-
cracker,English,"1,513 sightings(Recent)",Mildly offensive
crackers(plural ofcracker),English,-,Extremely offensive
cripple,English,"1,654 sightings(Recent)",Highly offensive
cripples(plural ofcripple),English,"1,281 sightings(Recent)",Highly offensive
crow,English,-,Highly offensive
croweater,English,128 sightings(Recent),-
croweaters(plural ofcroweater),English,118 sightings(Recent),-
crows(plural ofcrow),English,-,-
culchie,English,749 sightings(Recent),-
culchies(plural ofculchie),English,962 sightings(Recent),-
cunt,English,2 sightings,Extremely offensive
cunter(variant ofcunt),English,-,Highly offensive
cunts(plural ofcunt),English,"1,432 sightings(Recent)",Extremely offensive
curry muncher,English,"6,366 sightings(Recent)",Highly offensive
curry munchers(plural ofcurry muncher),English,"3,988 sightings(Recent)",Moderately offensive
curry slurper(variant ofcurry muncher),English,-,Extremely offensive
curry slurpers(plural ofcurry slurper),English,-,-
curry stinker(variant ofcurry muncher),English,137 sightings(Recent),Extremely offensive
curry stinkers(plural ofcurry stinker),English,16 sightings(Recent),Extremely offensive
da goyim know(variant ofthe goyim know),English,4 sightings,-
dagette(variant ofdago),English,-,-
dagettes(variant ofdago)  (plural ofdagette),English,-,-
dago,English,77 sightings(Recent),Highly offensive
dagos(plural ofdago),English,154 sightings(Recent),-
dagowop,English,2 sightings,Extremely offensive
dagowops(plural ofdagowop),English,1 sighting,Extremely offensive
darkey(variant ofdarky),English,124 sightings,Extremely offensive
darkie(variant ofdarky),English,"3,402 sightings(Recent)",Highly offensive
darkies(plural ofdarkie),English,"2,771 sightings(Recent)",Highly offensive
darky,English,"1,069 sightings(Recent)",Extremely offensive
degette(variant ofdago),English,15 sightings(Recent),-
degettes(variant ofdago)  (plural ofdegette),English,1 sighting,-
dego(variant ofdago),English,-,Highly offensive
degos(plural ofdego),English,114 sightings(Recent),-
deminigger(variant ofseminiggers),English,-,Extremely offensive
deminiggers(plural ofdeminigger),English,-,-
derka derka,English,57 sightings(Recent),Highly offensive
derka derkas(plural ofderka derka),English,11 sightings(Recent),-
dhimmi,English,"1,603 sightings(Recent)",Extremely offensive
dhimmis(plural ofdhimmi),English,481 sightings(Recent),Extremely offensive
diaper head(variant ofraghead),English,249 sightings(Recent),Extremely offensive
diaper heads(plural ofdiaper head),English,354 sightings(Recent),-
dindu nuffin,English,"3,699 sightings(Recent)",Extremely offensive
dindu(variant ofdindu nuffin),English,"1,701 sightings(Recent)",Extremely offensive
dinge,English,12 sightings,Highly offensive
dinges(plural ofdinge),English,115 sightings(Recent),Highly offensive
dingo fucker,English,59 sightings,Extremely offensive
dingo fuckers(plural ofdingo fucker),English,8 sightings(Recent),-
dink,English,414 sightings(Recent),Extremely offensive
dinkladies(variant ofdink)  (plural ofdinklady),English,-,-
dinklady(variant ofdink),English,-,-
dinks(plural ofdink),English,413 sightings(Recent),-
div,English,-,Highly offensive
divs(plural ofdiv),English,-,-
divvies(plural ofdivvy),English,"1,108 sightings(Recent)",-
divvy(variant ofdiv),English,-,Highly offensive
dog eater,English,-,-
dog eaters(plural ofdog eater),English,-,-
dogan,English,2 sightings,Extremely offensive
dogans(plural ofdogan),English,66 sightings,-
dogun(variant ofdogan),English,63 sightings(Recent),Extremely offensive
doguns(plural ofdogun),English,1 sighting,-
dole bludger(variant ofbludger),English,"3,517 sightings(Recent)",Extremely offensive
dole bludgers(plural ofdole bludger),English,"2,761 sightings(Recent)",-
domes,English,-,Highly offensive
dot head,English,31 sightings(Recent),Highly offensive
dot heads(plural ofdot head),English,51 sightings(Recent),Highly offensive
dres(transliteration ofdrɛs),English,-,-
dresiarz(variant ofdres),English,51 sightings(Recent),-
dune coon(variant ofsand nigger),English,"1,235 sightings",Extremely offensive
dune coons(plural ofdune coon),English,204 sightings,-
dune nigger(variant ofsand nigger),English,12 sightings,Extremely offensive
dune niggers(plural ofdune nigger),English,2 sightings,Extremely offensive
durka durka(variant ofderka derka),English,258 sightings(Recent),-
durka durkas(variant ofderka derka)  (plural ofdurka durka),English,49 sightings(Recent),-
dyke,English,"1,632 sightings(Recent)",Extremely offensive
dyke jumper,English,47 sightings(Recent),Mildly offensive
dyke jumpers(plural ofdyke jumper),English,8 sightings,Mildly offensive
dykes(plural ofdyke),English,"1,243 sightings(Recent)",Highly offensive
egg,English,-,Moderately offensive
eggplant,English,-,Moderately offensive
eggs(plural ofegg),English,-,-
eh hole,English,15 sightings,Mildly offensive
eh holes(plural ofeh hole),English,8 sightings(Recent),-
eight ball,English,1 sighting,Extremely offensive
eight balls(plural ofeight ball),English,-,-
eshay,English,857 sightings(Recent),-
eshays(plural ofeshay),English,"1,113 sightings(Recent)",Moderately offensive
eurotrash,English,928 sightings(Recent),Extremely offensive
eyetie,English,437 sightings(Recent),Highly offensive
eyeties(plural ofeyetie),English,95 sightings(Recent),-
fag,English,"2,599 sightings(Recent)",Extremely offensive
fagbag,English,"1,517 sightings(Recent)",Extremely offensive
fagbags(plural offagbag),English,204 sightings(Recent),-
fagdick(variant offag),English,3 sightings,-
fagdicks(variant offag)  (plural offagdick),English,-,-
faggot(variant offag),English,"4,882 sightings(Recent)",Extremely offensive
faggots(plural offaggot),English,"2,889 sightings(Recent)",Extremely offensive
faggy(variant offag),English,"2,510 sightings(Recent)",Extremely offensive
fags(plural offag),English,-,-
fagshit(variant offag),English,66 sightings(Recent),Extremely offensive
fagshits(variant offag)  (plural offagshit),English,-,-
fairies(plural ofFairy),English,-,-
featherhead,English,-,-
featherheads(plural offeatherhead),English,-,-
feminazi,English,204 sightings(Recent),-
feminazis(plural offeminazi),English,125 sightings(Recent),-
fez,English,-,Extremely offensive
fezzes(plural offez),English,570 sightings(Recent),-
filthypino,English,3 sightings,Extremely offensive
filthypinoes(variant offilthypinos),English,-,Moderately offensive
filthypinos(plural offilthypino),English,6 sightings,-
fish wagon,English,1 sighting,Moderately offensive
flip,English,-,Extremely offensive
flipabeano,English,-,Highly offensive
flipabeanos(plural offlipabeano),English,1 sighting,Moderately offensive
flipette(variant offlip),English,39 sightings(Recent),-
flipettes(variant offlip)  (plural offlipette),English,7 sightings,-
flips(plural offlip),English,"1,031 sightings(Recent)",-
floppies(plural offloppy),English,-,-
floppy,English,-,-
fog nigger,English,2 sightings,Extremely offensive
fog niggers(plural offog nigger),English,1 sighting,-
four by two,English,2 sightings,Highly offensive
four by twos(plural offour by two),English,-,-
fresh off the boat,English,-,Moderately offensive
frog,English,-,Highly offensive
frogs(plural offrog),English,-,-
fruit,English,1 sighting,Moderately offensive
fruities(variant offruit)  (plural offruity),English,814 sightings(Recent),-
fruits(plural offruit),English,-,Moderately offensive
fruity(variant offruit),English,-,Moderately offensive
fudgepacker,English,"1,573 sightings(Recent)",Highly offensive
fudgepackers(plural offudgepacker),English,809 sightings(Recent),Highly offensive
fuzzies(plural offuzzy),English,-,-
fuzzy,English,-,Highly offensive
fuzzy wuzzies(plural offuzzy wuzzy),English,-,-
fuzzy wuzzy,English,-,Highly offensive
gable,English,-,Highly offensive
gables(plural ofgable),English,-,-
gas huffer,English,-,-
gas huffers(plural ofgas huffer),English,-,-
gash,English,-,Extremely offensive
gasher(variant ofgash),English,-,-
gashes(plural ofgash),English,-,-
gator bait(variant ofalligator bait),English,564 sightings(Recent),Highly offensive
gay,English,1 sighting,Extremely offensive
gay mafia,English,938 sightings(Recent),-
gaylord(variant ofgay),English,189 sightings(Recent),Highly offensive
gaylords(plural ofgaylord),English,663 sightings(Recent),-
gender nigger,English,6 sightings,Extremely offensive
gew,English,-,Extremely offensive
gews(plural ofgew),English,205 sightings(Recent),-
gey(variant ofgay),English,-,Highly offensive
ghetto,English,-,Highly offensive
ghetto hamster,English,17 sightings,Highly offensive
ghetto hamsters(plural ofghetto hamster),English,3 sightings,-
ghetto monkey(variant ofporch monkey),English,181 sightings(Recent),-
ghetto monkeys(plural ofghetto monkey),English,132 sightings(Recent),-
ghey(variant ofgay),English,"1,274 sightings(Recent)",Highly offensive
gheys(variant ofgay)  (plural ofghey),English,"1,115 sightings(Recent)",Highly offensive
ghost,English,-,Extremely offensive
ghosts(plural ofghost),English,-,-
gimp,English,739 sightings(Recent),Extremely offensive
gimps(plural ofgimp),English,"1,121 sightings(Recent)",-
gimpy(variant ofgimp),English,962 sightings(Recent),Highly offensive
gin,English,-,Extremely offensive
gin jockey,English,12 sightings(Recent),Highly offensive
gin jockeys(plural ofgin jockey),English,4 sightings(Recent),-
ginger,English,1 sighting,Mildly offensive
gingers(plural ofginger),English,-,Mildly offensive
gingette(variant ofginger),English,1 sighting,-
gingettes(variant ofginger)  (plural ofgingette),English,1 sighting,-
gingie(variant ofginger),English,-,-
gingies(variant ofginger)  (plural ofgingie),English,-,-
gingy(variant ofginger),English,-,Mildly offensive
gink,English,-,-
ginks(plural ofgink),English,-,-
gins(plural ofgin),English,-,-
ginzo(variant ofguinea),English,72 sightings,Highly offensive
ginzos(plural ofginzo),English,56 sightings(Recent),-
gipp(variant ofgyppo),English,-,Highly offensive
gippo(variant ofgyppo),English,983 sightings(Recent),Extremely offensive
gippos(plural ofgippo),English,306 sightings(Recent),-
gipps(plural ofgipp),English,229 sightings(Recent),-
globalist,English,-,Extremely offensive
globalists(plural ofglobalist),English,522 sightings(Recent),-
goatfucker,English,-,Extremely offensive
goi(variant ofgoy),English,-,Highly offensive
golliwog,English,364 sightings(Recent),Extremely offensive
golliwogs(plural ofgolliwog),English,"1,497 sightings(Recent)",-
goloid,English,-,-
goloids(plural ofgoloid),English,-,-
goober,English,"2,099 sightings(Recent)",Extremely offensive
goobers(plural ofgoober),English,"1,047 sightings(Recent)",-
good goy,English,359 sightings(Recent),-
good goys(plural ofgood goy),English,115 sightings(Recent),-
gook,English,702 sightings(Recent),Extremely offensive
gook eye(variant ofgook),English,8 sightings,Extremely offensive
gook eyed(variant ofgook eyes),English,3 sightings,-
gook eyes(plural ofgook eye),English,30 sightings,-
gookette(variant ofgook),English,1 sighting,Extremely offensive
gookettes(variant ofgook)  (plural ofgookette),English,10 sightings,-
gookie(variant ofgook),English,-,-
gookies(plural ofgookie),English,-,-
gooklet(variant ofgook),English,-,Highly offensive
gooklets(variant ofgook)  (plural ofgooklet),English,-,Extremely offensive
gooks(plural ofgook),English,962 sightings(Recent),Extremely offensive
gooky eyes(variant ofgook eyes),English,11 sightings(Recent),-
gooky(variant ofgook),English,488 sightings(Recent),Extremely offensive
gopnik(transliteration ofго́пник),English,-,-
gopniks(plural ofgopnik),English,514 sightings(Recent),-
greaseball,English,-,Highly offensive
greaseballs(plural ofgreaseball),English,890 sightings(Recent),-
greaser(variant ofgreaseball),English,-,Extremely offensive
greasers(plural ofgreaser),English,785 sightings(Recent),-
groid,English,997 sightings(Recent),Extremely offensive
groids(plural ofgroid),English,"1,695 sightings(Recent)",-
guala,English,"2,445 sightings(Recent)",Extremely offensive
guala guala(variant ofguala),English,25 sightings,Highly offensive
guala gualas(plural ofguala guala),English,73 sightings(Recent),-
gualas(plural ofguala),English,166 sightings(Recent),Extremely offensive
gub,English,4 sightings,Highly offensive
gubba(variant ofgub),English,137 sightings(Recent),Highly offensive
gubbas(plural ofgubba),English,131 sightings(Recent),-
gubs(plural ofgub),English,33 sightings,-
guidette,English,445 sightings(Recent),Highly offensive
guidettes(plural ofguidette),English,323 sightings(Recent),-
guido,English,40 sightings(Recent),Highly offensive
guidos(plural ofguido),English,398 sightings(Recent),-
guinea,English,-,Highly offensive
guineas(plural ofguinea),English,241 sightings(Recent),-
gun burglar(variant ofgin jockey),English,-,Extremely offensive
gun burglars(plural ofgun burglar),English,-,-
gurrier,English,418 sightings(Recent),Extremely offensive
gurriers(plural ofgurrier),English,264 sightings(Recent),-
gyp(variant ofgyppo),English,11 sightings,Highly offensive
gypo(variant ofgyppo),English,"7,813 sightings(Recent)",Extremely offensive
gypoes(variant ofgypos)  (plural ofgypo),English,11 sightings(Recent),-
gypos(plural ofgypo),English,"3,788 sightings(Recent)",-
gypped(plural ofgyp),English,963 sightings(Recent),Moderately offensive
gyppie(variant ofgyppo),English,12 sightings,Extremely offensive
gyppies(plural ofgyppie),English,6 sightings,-
gyppo,English,"2,712 sightings(Recent)",Extremely offensive
gyppoes(variant ofgypos)  (plural ofgyppo),English,3 sightings,-
gyppos(plural ofgyppo),English,733 sightings(Recent),-
gyppy(variant ofgyppo),English,93 sightings(Recent),Extremely offensive
gyps(plural ofgyp),English,69 sightings(Recent),Moderately offensive
gypsi(variant ofgypsy),English,-,-
gypsies(plural ofgypsy),English,470 sightings(Recent),-
gypsy,English,180 sightings(Recent),Highly offensive
hadji(variant ofhaji),English,70 sightings,Highly offensive
hadjis(plural ofhadji),English,100 sightings(Recent),-
hairyback,English,48 sightings,Highly offensive
hairybacks(plural ofhairyback),English,14 sightings(Recent),-
haji,English,62 sightings(Recent),Highly offensive
hajis(plural ofhaji),English,183 sightings(Recent),-
hajji(variant ofhaji),English,61 sightings(Recent),Highly offensive
hajjis(plural ofhajji),English,228 sightings(Recent),-
halala,English,142 sightings(Recent),Extremely offensive
halalability(variant ofhalalification),English,-,Extremely offensive
halalification,English,11 sightings(Recent),Extremely offensive
half bred(variant ofhalf breed),English,-,-
half breed,English,22 sightings,Extremely offensive
half breeds(plural ofhalf breed),English,35 sightings,-
halfrican,English,437 sightings(Recent),Highly offensive
halfricans(plural ofhalfrican),English,424 sightings(Recent),Extremely offensive
harambe,English,-,Extremely offensive
hatzi(variant ofhaji),English,6 sightings,-
hatzis(plural ofhatzi),English,14 sightings,-
hayseed,English,"1,682 sightings(Recent)",Highly offensive
hayseeds(plural ofhayseed),English,"1,559 sightings(Recent)",-
hebe,English,71 sightings(Recent),Extremely offensive
hebes(plural ofhebe),English,129 sightings(Recent),-
hebro,English,243 sightings(Recent),Extremely offensive
hebros(plural ofhebro),English,104 sightings(Recent),Extremely offensive
heeb(variant ofhebe),English,452 sightings(Recent),Highly offensive
heebs(plural ofheeb),English,"1,818 sightings(Recent)",Highly offensive
heinie,English,-,Highly offensive
heinies(plural ofheinie),English,"1,721 sightings(Recent)",Highly offensive
hick,English,14 sightings,Highly offensive
hicks(plural ofhick),English,-,-
higger,English,407 sightings(Recent),Highly offensive
higgers(plural ofhigger),English,"1,047 sightings(Recent)",Moderately offensive
hillbillies(plural ofhillbilly),English,"1,225 sightings(Recent)",-
hillbilly,English,"2,323 sightings(Recent)",Highly offensive
himbo,English,977 sightings(Recent),Mildly offensive
ho,English,-,Extremely offensive
hodgie(variant ofhaji),English,6 sightings(Recent),Highly offensive
hodgies(plural ofhodgie),English,9 sightings(Recent),-
hoe(variant ofho),English,-,Highly offensive
hoes(plural ofhoe),English,-,Highly offensive
holohoax,English,450 sightings(Recent),Extremely offensive
honkey(variant ofhonky),English,"1,953 sightings(Recent)",Moderately offensive
honkeye(variant ofhonky),English,15 sightings,Highly offensive
honkie(variant ofhonky),English,"5,187 sightings(Recent)",Highly offensive
honkies(plural ofhonkie),English,"4,298 sightings(Recent)",-
honklet,English,26 sightings(Recent),Highly offensive
honklets(plural ofhonklet),English,33 sightings,-
honky,English,44 sightings,Moderately offensive
hoodrat,English,"2,897 sightings(Recent)",Highly offensive
hoodrats(plural ofhoodrat),English,"1,705 sightings(Recent)",Highly offensive
hooknose,English,216 sightings(Recent),-
hooknosed(variant ofhooknose),English,297 sightings(Recent),-
hooknoses(plural ofhooknose),English,31 sightings(Recent),-
hoosier,English,-,Extremely offensive
hoosiers(plural ofhoosier),English,-,Extremely offensive
hori,English,120 sightings(Recent),Highly offensive
hories(plural ofhori),English,20 sightings,-
hos(plural ofho),English,114 sightings(Recent),-
hoser,English,807 sightings(Recent),Mildly offensive
hosers(plural ofhoser),English,939 sightings(Recent),Mildly offensive
house nigger,English,"2,992 sightings(Recent)",Extremely offensive
house niggers(plural ofhouse nigger),English,"1,316 sightings(Recent)",-
hymie,English,691 sightings(Recent),Highly offensive
hymies(plural ofhymie),English,35 sightings(Recent),Moderately offensive
ice monkey,English,281 sightings(Recent),Highly offensive
ice monkeys(plural ofice monkey),English,262 sightings(Recent),-
ice nigger,English,52 sightings,Extremely offensive
ice niggers(plural ofice nigger),English,7 sightings,-
ike(variant ofikey),English,-,Extremely offensive
ikes(plural ofike),English,155 sightings(Recent),-
ikey,English,-,Extremely offensive
ikey mo(variant ofikey),English,3 sightings,Extremely offensive
ikey mos(plural ofikey mo),English,-,-
ikeys(plural ofikey),English,63 sightings,-
iky(variant ofikey),English,-,Highly offensive
injun,English,6 sightings,Extremely offensive
injuns(plural ofinjun),English,"2,721 sightings(Recent)",-
island nigger,English,82 sightings,Extremely offensive
island niggers(plural ofisland nigger),English,17 sightings,-
jackeen,English,394 sightings(Recent),-
jackeens(plural ofjackeen),English,-,-
jant,English,248 sightings(Recent),Moderately offensive
jants(plural ofjant),English,188 sightings(Recent),-
japie,English,53 sightings,Extremely offensive
japies(plural ofjapie),English,13 sightings,-
jew-fucked(variant ofjew-fucker),English,-,Extremely offensive
jew-fucker,English,5 sightings,Extremely offensive
jewbag,English,116 sightings(Recent),Extremely offensive
jewbagg(variant ofjewbag),English,-,Extremely offensive
jewtard,English,42 sightings,Extremely offensive
jewtarded(variant ofjewtard),English,10 sightings,Extremely offensive
jhant(variant ofjant),English,170 sightings(Recent),Moderately offensive
jhants(plural ofjhant),English,33 sightings(Recent),-
jig(variant ofjigaboo),English,-,Extremely offensive
jigaboo,English,"4,689 sightings(Recent)",Extremely offensive
jigaboos(plural ofjigaboo),English,"2,204 sightings(Recent)",Extremely offensive
jigarooni(variant ofjigaboo),English,8 sightings,Extremely offensive
jigaroonis(plural ofjigarooni),English,-,-
jigg(variant ofjigaboo),English,25 sightings,Extremely offensive
jigga,English,3 sightings,Extremely offensive
jiggabo(variant ofjigaboo),English,422 sightings(Recent),Extremely offensive
jiggaboo(variant ofjigaboo),English,"4,732 sightings(Recent)",Extremely offensive
jiggaboos(plural ofjiggaboo),English,"4,155 sightings(Recent)",Extremely offensive
jiggabos(plural ofjiggabo),English,27 sightings(Recent),-
jiggas(plural ofjigga),English,95 sightings,-
jigger,English,25 sightings,Extremely offensive
jiggers(plural ofjigger),English,52 sightings,Extremely offensive
jiggs(plural ofjigg),English,12 sightings,-
jigro,English,79 sightings(Recent),Extremely offensive
jigroes(plural ofjigro),English,-,Extremely offensive
jigros(plural ofjigro),English,2 sightings,Extremely offensive
jigs(plural ofjig),English,-,-
jihadi-american,English,-,-
jihadi-americans(plural ofjihadi-american),English,-,-
jijjiboo(variant ofjigaboo),English,3 sightings,Extremely offensive
jijjiboos(plural ofjijjiboo),English,-,Highly offensive
jipsi(variant ofgypsy),English,-,Moderately offensive
jit,English,1 sighting,Moderately offensive
jock,English,-,Highly offensive
jockie(variant ofjock),English,74 sightings(Recent),Highly offensive
jockies(plural ofjockie),English,-,-
jocks(plural ofjock),English,-,-
jocky(variant ofjock),English,317 sightings(Recent),Highly offensive
jungle bunny,English,"2,643 sightings(Recent)",Extremely offensive
jungle bunnys(plural ofjungle bunny),English,37 sightings(Recent),-
kanaka,English,19 sightings,Extremely offensive
khazar,English,341 sightings(Recent),Extremely offensive
khazars(plural ofkhazar),English,92 sightings(Recent),-
kike,English,100 sightings(Recent),Extremely offensive
kikes(plural ofkike),English,"2,042 sightings(Recent)",Extremely offensive
kikesberg(variant ofkike),English,2 sightings,Extremely offensive
knacker,English,"3,855 sightings(Recent)",Extremely offensive
knackers(plural ofknacker),English,-,-
kneegroes(plural ofkneegrow),English,"1,580 sightings(Recent)",-
kneegrow,English,"3,643 sightings(Recent)",Extremely offensive
kotiya(variant oftiger),English,3 sightings,Highly offensive
kotiyas(plural ofkotiya),English,17 sightings,-
kraut,English,416 sightings(Recent),Highly offensive
krauts(plural ofkraut),English,"2,243 sightings(Recent)",Moderately offensive
kunt(variant ofcunt),English,126 sightings(Recent),Highly offensive
kyke(variant ofkike),English,252 sightings(Recent),Extremely offensive
kykes(plural ofkyke),English,206 sightings(Recent),-
latrino,English,79 sightings(Recent),Highly offensive
latrinos(plural oflatrino),English,148 sightings(Recent),-
lavender mafia(variant ofgay mafia),English,-,-
lawn jockey,English,-,Extremely offensive
lawn jockeys(plural oflawn jockey),English,-,-
lefties(plural oflefty),English,-,-
lefty,English,-,Highly offensive
lemonhead,English,392 sightings(Recent),Highly offensive
lemonheads(plural oflemonhead),English,-,-
leprechaun,English,1 sighting,Highly offensive
leprechauns(plural ofleprechaun),English,-,-
libtard,English,"1,543 sightings(Recent)",Mildly offensive
limey,English,874 sightings(Recent),Mildly offensive
limeys(plural oflimey),English,"1,209 sightings(Recent)",-
ling ling,English,37 sightings,Extremely offensive
ling lings(plural ofling ling),English,323 sightings(Recent),-
lipstick lesbian,English,604 sightings(Recent),-
lipstick lesbians(plural oflipstick lesbian),English,216 sightings(Recent),-
lobby gay,English,-,Mildly offensive
lowlander,English,108 sightings(Recent),Highly offensive
lowlanders(plural oflowlander),English,-,-
lubra,English,42 sightings,Extremely offensive
lubras(plural oflubra),English,26 sightings(Recent),-
lugan,English,24 sightings(Recent),Highly offensive
lugans(plural oflugan),English,12 sightings,-
machosexual,English,3 sightings(Recent),-
mack(variant ofmick),English,-,Extremely offensive
mackerel snapper,English,18 sightings,Moderately offensive
mackerel snappers(plural ofmackerel snapper),English,32 sightings,Moderately offensive
macks(plural ofmack),English,-,-
mammy,English,39 sightings,Extremely offensive
mangia cake,English,153 sightings(Recent),Highly offensive
mangia cakes(plural ofmangia cake),English,34 sightings,-
meatball patriot,English,-,-
meatball patriots(plural ofmeatball patriot),English,-,Highly offensive
mick,English,135 sightings(Recent),Moderately offensive
mickey(variant ofmick),English,-,Moderately offensive
mickeys(plural ofmickey),English,-,Mildly offensive
micks(plural ofmick),English,-,Mildly offensive
mil bag(variant ofspide),English,37 sightings(Recent),Extremely offensive
mil bags(plural ofmil bag),English,12 sightings(Recent),-
millie(variant ofspide),English,229 sightings(Recent),Extremely offensive
millies(plural ofmillie),English,-,-
moch(variant ofmocky),English,-,Extremely offensive
mochs(plural ofmoch),English,72 sightings(Recent),Highly offensive
mock(variant ofmocky),English,-,Highly offensive
mockey(variant ofmocky),English,312 sightings(Recent),Highly offensive
mockeys(plural ofmockey),English,18 sightings(Recent),-
mockie(variant ofmocky),English,14 sightings,Highly offensive
mockies(plural ofmockie),English,26 sightings(Recent),Moderately offensive
mocks(plural ofmock),English,-,-
mocky,English,60 sightings(Recent),Extremely offensive
moke,English,62 sightings(Recent),Extremely offensive
mokes(plural ofmoke),English,176 sightings(Recent),-
mokies(plural ofmoky),English,47 sightings(Recent),Extremely offensive
moky(variant ofmocky),English,57 sightings(Recent),Extremely offensive
mong,English,112 sightings(Recent),Extremely offensive
mongol,English,-,Extremely offensive
mongoloid,English,377 sightings(Recent),Highly offensive
mongoloids(plural ofmongoloid),English,420 sightings(Recent),-
mongols(plural ofmongol),English,-,-
mongrel,English,-,-
mongs(plural ofmong),English,"3,726 sightings(Recent)",-
monkey,English,-,Extremely offensive
monkeys(plural ofmonkey),English,-,Extremely offensive
mook,English,-,Highly offensive
mooks(plural ofmook),English,20 sightings,Moderately offensive
moolinyan(variant ofmoulignon),English,44 sightings(Recent),Extremely offensive
moon cricket,English,"3,454 sightings(Recent)",Extremely offensive
moon crickets(plural ofmoon cricket),English,"1,524 sightings(Recent)",Extremely offensive
moss eater,English,34 sightings(Recent),Extremely offensive
moss eaters(plural ofmoss eater),English,12 sightings,-
mosshead,English,547 sightings(Recent),Highly offensive
mossheads(plural ofmosshead),English,72 sightings(Recent),-
moulie,English,563 sightings(Recent),Extremely offensive
moulies(plural ofmoulie),English,24 sightings(Recent),-
moulignon(variant ofmoulie),English,79 sightings,Extremely offensive
moulignons(plural ofmoulignon),English,2 sightings,-
moulinyan(variant ofmoulie),English,163 sightings(Recent),Extremely offensive
moulinyans(plural ofmoulinyan),English,51 sightings,-
moxies(plural ofmoxy),English,557 sightings(Recent),-
moxy(variant ofmocky),English,-,Highly offensive
mud duck(variant ofmud person),English,"1,571 sightings(Recent)",Extremely offensive
mud ducks(plural ofmud duck),English,615 sightings(Recent),-
mud person,English,47 sightings(Recent),Extremely offensive
mud persons(plural ofmud person),English,3 sightings(Recent),-
mud shark,English,"1,305 sightings(Recent)",Extremely offensive
mud sharks(plural ofmud shark),English,826 sightings(Recent),-
mudblood,English,-,-
mudshit(variant ofshitskinned),English,-,Extremely offensive
mudslime,English,-,-
muk,English,1 sighting,Highly offensive
muks(plural ofmuk),English,-,-
muktuk(variant ofmuk),English,-,Highly offensive
muktuks(plural ofmuktuk),English,-,-
mulato,English,236 sightings(Recent),Highly offensive
mulatto(variant ofmulato),English,529 sightings(Recent),Extremely offensive
mulignan(variant ofmoulie),English,246 sightings,Highly offensive
mulignans(plural ofmulignan),English,73 sightings(Recent),Moderately offensive
mullatoes(plural ofmulatto),English,29 sightings(Recent),-
mung,English,-,Extremely offensive
mungs(plural ofmung),English,164 sightings(Recent),-
munt(variant ofmunter),English,-,Extremely offensive
munter,English,777 sightings(Recent),Extremely offensive
munters(plural ofmunter),English,"1,360 sightings(Recent)",-
munts(plural ofmunt),English,400 sightings(Recent),-
musla,English,193 sightings(Recent),Extremely offensive
muslamic,English,"1,017 sightings(Recent)",Highly offensive
muslimal,English,15 sightings(Recent),Highly offensive
muslimette,English,-,Extremely offensive
muslimic,English,-,-
mussie,English,288 sightings(Recent),-
mussies(plural ofmussie),English,792 sightings(Recent),-
mutah(variant ofmuttah),English,263 sightings(Recent),Extremely offensive
mutt,English,-,Highly offensive
muttah,English,183 sightings(Recent),Extremely offensive
mutts(plural ofmutt),English,-,-
muzrat(variant ofmuzzrat),English,70 sightings(Recent),Extremely offensive
muzrats(plural ofmuzrat),English,83 sightings(Recent),-
muzzie,English,"7,070 sightings(Recent)",Highly offensive
muzzies(plural ofmuzzie),English,"4,098 sightings(Recent)",-
muzzpig,English,1 sighting,Extremely offensive
muzzpigs(plural ofmuzzpig),English,-,Mildly offensive
muzzrat,English,304 sightings(Recent),Extremely offensive
muzzrats(plural ofmuzzrat),English,349 sightings(Recent),-
muzzy,English,"1,054 sightings(Recent)",Highly offensive
nacho,English,-,Highly offensive
nachos(plural ofnacho),English,-,-
nafri,English,93 sightings(Recent),Highly offensive
nafris(plural ofnafri),English,104 sightings(Recent),-
nappyhead,English,293 sightings(Recent),Extremely offensive
neche(variant ofnitchie),English,-,Moderately offensive
neches(plural ofneche),English,41 sightings,-
ned,English,1 sighting,Extremely offensive
neds(plural ofned),English,-,-
neechee(variant ofnitchie),English,131 sightings(Recent),Extremely offensive
neechees(plural ofneechee),English,3 sightings,-
neejee(variant ofnitchie),English,51 sightings(Recent),Extremely offensive
neejees(plural ofneejee),English,-,-
negro,English,172 sightings(Recent),Extremely offensive
net head,English,1 sighting,Highly offensive
net heads(plural ofnet head),English,-,Highly offensive
newfie,English,158 sightings(Recent),Moderately offensive
newfies(plural ofnewfie),English,307 sightings(Recent),Moderately offensive
nicca(variant ofnigger),English,"6,643 sightings(Recent)",Extremely offensive
niccas(plural ofnicca),English,"2,265 sightings(Recent)",Highly offensive
nichi(variant ofnitchie),English,-,Highly offensive
nichis(plural ofnichi),English,89 sightings,-
nichiwa(variant ofnitchie),English,119 sightings(Recent),Extremely offensive
nichiwas(plural ofnichiwa),English,-,-
nidge(variant ofnitchie),English,-,Highly offensive
nidges(plural ofnidge),English,22 sightings,-
nig nog(variant ofnigger),English,"6,974 sightings(Recent)",Extremely offensive
nig nogs(plural ofnig nog),English,"5,926 sightings(Recent)",-
nig(variant ofnigger),English,679 sightings(Recent),Extremely offensive
nigar(variant ofnigger),English,54 sightings,Extremely offensive
nigars(plural ofnigar),English,204 sightings(Recent),-
niger(variant ofnigger),English,72 sightings(Recent),Extremely offensive
nigers(plural ofniger),English,648 sightings(Recent),-
nigette(variant ofnigger),English,327 sightings(Recent),Extremely offensive
nigettes(plural ofnigette),English,321 sightings(Recent),-
nigga(variant ofnigger),English,"4,502 sightings(Recent)",Highly offensive
niggah(variant ofnigger),English,"2,903 sightings(Recent)",Extremely offensive
niggahs(plural ofniggah),English,"2,251 sightings(Recent)",Extremely offensive
niggar(variant ofnigger),English,"5,569 sightings(Recent)",Extremely offensive
niggars(plural ofniggar),English,"4,574 sightings(Recent)",-
niggas(plural ofnigga),English,"2,553 sightings(Recent)",Mildly offensive
nigger,English,"5,982 sightings(Recent)",Extremely offensive
nigger-knock,English,1 sighting,Extremely offensive
nigger-rig,English,20 sightings,Extremely offensive
niggera,English,308 sightings(Recent),Extremely offensive
niggerdick,English,48 sightings,-
niggerdicks(plural ofniggerdick),English,9 sightings,-
niggerette,English,198 sightings(Recent),Extremely offensive
niggerettes(variant ofnigger)  (plural ofniggerette),English,285 sightings,-
niggerfag,English,25 sightings,Extremely offensive
niggerization(variant ofniggerize),English,115 sightings(Recent),Extremely offensive
niggerize,English,125 sightings(Recent),Extremely offensive
niggers(plural ofnigger),English,"3,678 sightings(Recent)",Extremely offensive
niggerton,English,48 sightings,-
niggertown,English,44 sightings,Extremely offensive
niggerville,English,197 sightings(Recent),Extremely offensive
niggerwool,English,-,Extremely offensive
nigglet(variant ofniglet),English,"5,830 sightings(Recent)",Extremely offensive
nigglets(plural ofnigglet),English,"5,455 sightings(Recent)",-
niggor(variant ofnigger),English,227 sightings(Recent),Extremely offensive
niggors(plural ofniggor),English,282 sightings(Recent),-
niggress(variant ofnigger),English,"3,227 sightings(Recent)",Extremely offensive
nigguh(variant ofnigger),English,"6,375 sightings(Recent)",Extremely offensive
nigguhs(plural ofnigguh),English,"5,461 sightings(Recent)",Extremely offensive
niggur(variant ofnigger),English,"7,791 sightings(Recent)",Extremely offensive
niggurs(plural ofniggur),English,"4,507 sightings(Recent)",-
niglet,English,"6,165 sightings(Recent)",Extremely offensive
niglets(plural ofniglet),English,"6,205 sightings(Recent)",Extremely offensive
niglette(variant ofniglet),English,209 sightings(Recent),Extremely offensive
nigor(variant ofnigger),English,91 sightings(Recent),Extremely offensive
nigors(plural ofnigor),English,30 sightings,-
nigra(variant ofnigger),English,187 sightings(Recent),Extremely offensive
nigras(plural ofnigra),English,666 sightings(Recent),-
nigre(variant ofnigger),English,90 sightings(Recent),Extremely offensive
nigres(plural ofnigre),English,32 sightings(Recent),-
nigs(plural ofnig),English,999 sightings(Recent),-
ninja,English,-,Highly offensive
nip,English,-,Extremely offensive
nips(plural ofnip),English,438 sightings(Recent),-
nitchee(variant ofnitchie),English,5 sightings,Highly offensive
nitchees(plural ofnitchee),English,-,-
nitchie,English,41 sightings(Recent),Highly offensive
nitchies(plural ofnitchie),English,2 sightings,-
nitchy(variant ofnitchie),English,34 sightings,Highly offensive
ocker,English,674 sightings(Recent),Highly offensive
ockers(plural ofocker),English,75 sightings(Recent),-
octaroon(variant ofoctroon),English,"2,911 sightings(Recent)",Highly offensive
octaroons(plural ofoctaroon),English,684 sightings(Recent),-
octroon,English,52 sightings(Recent),Highly offensive
octroons(plural ofoctroon),English,32 sightings(Recent),-
ofay,English,"1,048 sightings(Recent)",Highly offensive
ofays(plural ofofay),English,"1,483 sightings(Recent)",-
oven dodger,English,190 sightings(Recent),Highly offensive
oven dodgers(plural ofoven dodger),English,336 sightings(Recent),-
paddies(plural ofpaddy),English,-,-
paddy,English,326 sightings(Recent),Extremely offensive
paki,English,339 sightings(Recent),Extremely offensive
pakis(plural ofpaki),English,401 sightings(Recent),Extremely offensive
paleface,English,537 sightings(Recent),Moderately offensive
palefaces(plural ofpaleface),English,450 sightings(Recent),Moderately offensive
pancake,English,-,Highly offensive
pancake face(variant ofpancake),English,-,Highly offensive
pancake faces(plural ofpancake face),English,308 sightings(Recent),-
pancakes(plural ofpancake),English,-,-
papisher(variant ofpapist),English,-,-
papishers(plural ofpapisher),English,-,-
papist,English,"1,442 sightings(Recent)",Extremely offensive
papists(plural ofpapist),English,"2,963 sightings(Recent)",Extremely offensive
papoose,English,-,Moderately offensive
papooses(plural ofpapoose),English,146 sightings(Recent),Moderately offensive
pavement ape,English,644 sightings(Recent),Extremely offensive
pavement apes(plural ofpavement ape),English,663 sightings(Recent),-
peckerwood,English,"1,638 sightings(Recent)",Highly offensive
peckerwoods(plural ofpeckerwood),English,"1,310 sightings(Recent)",-
picaninnies(plural ofpickaninny),English,801 sightings(Recent),-
picaninny,English,641 sightings(Recent),-
picaninnys(variant ofpicaninnies),English,15 sightings(Recent),Extremely offensive
piccaninnies(plural ofpiccaninny),English,477 sightings(Recent),-
piccaninny(variant ofpicaninny),English,494 sightings(Recent),-
piccaninnys(plural ofpiccaninny),English,22 sightings(Recent),-
pickaninnies(variant ofpickaninnys),English,910 sightings(Recent),Extremely offensive
pickaninny,English,"2,182 sightings(Recent)",Extremely offensive
pickaninnys(plural ofpickaninny),English,79 sightings,-
pickinninies(plural ofpickinniny),English,25 sightings,-
pickinniny(variant ofpicaninny),English,10 sightings,-
pickinninys(plural ofpickinniny),English,2 sightings,-
piker(variant ofpikey),English,606 sightings(Recent),Highly offensive
pikers(plural ofpiker),English,801 sightings(Recent),-
pikey,English,"3,343 sightings(Recent)",Highly offensive
pikeys(plural ofpikey),English,"1,219 sightings(Recent)",-
piky(variant ofpikey),English,-,Extremely offensive
pineapple nigger,English,21 sightings,Extremely offensive
pineapple niggers(plural ofpineapple nigger),English,-,Extremely offensive
ping pang,English,88 sightings(Recent),Highly offensive
ping pangs(plural ofping pang),English,-,-
pinto,English,-,Highly offensive
pintos(plural ofpinto),English,-,-
pislam(variant ofpisslam),English,-,-
pisslam,English,"2,166 sightings(Recent)",Extremely offensive
plastic paddies(plural ofplastic paddy),English,"1,987 sightings(Recent)",-
plastic paddy,English,"4,571 sightings(Recent)",Extremely offensive
pogue,English,183 sightings(Recent),Moderately offensive
pogues(plural ofpogue),English,-,Mildly offensive
pohm(variant ofpom),English,47 sightings,Highly offensive
pohms(plural ofpohm),English,24 sightings,-
pointy head,English,-,Highly offensive
pointy heads(plural ofpointy head),English,-,-
polack,English,598 sightings(Recent),Highly offensive
polacks(plural ofpolack),English,"1,575 sightings(Recent)",-
pollo,English,-,Extremely offensive
pollos(plural ofpollo),English,-,-
pom,English,-,Extremely offensive
pommie grant(variant ofpom),English,-,Extremely offensive
pommie grants(plural ofpommie grant),English,-,-
pommie(variant ofpom),English,"1,177 sightings(Recent)",Extremely offensive
pommies(plural ofpommie),English,667 sightings(Recent),-
pommy(variant ofpom),English,942 sightings(Recent),Highly offensive
poms(plural ofpom),English,-,-
popolo,English,14 sightings,Extremely offensive
popolos(plural ofpopolo),English,32 sightings(Recent),-
poppadom,English,618 sightings(Recent),Extremely offensive
poppadoms(plural ofpoppadom),English,750 sightings(Recent),-
porch monkey,English,"2,848 sightings(Recent)",Extremely offensive
porch monkeys(plural ofporch monkey),English,"3,284 sightings(Recent)",Extremely offensive
porki(variant ofpaki),English,158 sightings(Recent),Highly offensive
porkistani,English,-,Extremely offensive
powderburn,English,-,Extremely offensive
powderburns(plural ofpowderburn),English,-,-
prairie nigger,English,110 sightings,Extremely offensive
prairie niggers(plural ofprairie nigger),English,13 sightings,Extremely offensive
prod,English,-,Highly offensive
proddy dog(variant ofprod),English,97 sightings(Recent),Highly offensive
proddy dogs(plural ofproddy dog),English,71 sightings(Recent),-
proddywhoddies(plural ofproddywhoddy),English,1 sighting(Recent),-
proddywhoddy(variant ofprod),English,1 sighting,Highly offensive
proddywoddies(plural ofproddywoddy),English,1 sighting,Highly offensive
proddywoddy(variant ofprod),English,2 sightings,Highly offensive
prods(plural ofprod),English,-,-
property,English,-,Extremely offensive
pussies(plural ofpussy),English,-,Moderately offensive
pussy,English,17 sightings,Moderately offensive
quadroon,English,"4,676 sightings(Recent)",Highly offensive
quadroons(plural ofquadroon),English,"1,979 sightings(Recent)",Highly offensive
quashie,English,20 sightings(Recent),Highly offensive
quashies(plural ofquashie),English,2 sightings,-
queen,English,-,Highly offensive
queens(plural ofqueen),English,-,Highly offensive
queer,English,"1,369 sightings(Recent)",Mildly offensive
queers(plural ofqueer),English,"1,103 sightings(Recent)",-
race traitor,English,"2,846 sightings(Recent)",Extremely offensive
race traitors(plural ofrace traitor),English,"1,307 sightings(Recent)",Highly offensive
raghead,English,"3,012 sightings(Recent)",Extremely offensive
ragheads(plural ofraghead),English,"2,405 sightings(Recent)",-
rapefugees,English,-,-
red bone(variant ofyellow bone),English,678 sightings(Recent),Moderately offensive
red bones(plural ofred bone),English,146 sightings(Recent),Moderately offensive
red nigger,English,57 sightings(Recent),Extremely offensive
red niggers(plural ofred nigger),English,16 sightings,Extremely offensive
redlegs,English,68 sightings(Recent),Extremely offensive
redneck,English,"1,675 sightings(Recent)",Highly offensive
rednecks(plural ofredneck),English,"3,689 sightings(Recent)",Moderately offensive
redskin,English,276 sightings(Recent),Extremely offensive
redskins(plural ofredskin),English,155 sightings(Recent),Extremely offensive
reffo,English,160 sightings(Recent),Extremely offensive
retard,English,"1,302 sightings(Recent)",Highly offensive
retarded(variant ofretard),English,"4,003 sightings(Recent)",Moderately offensive
retardeds(plural ofretarded),English,"1,235 sightings(Recent)",-
retards(plural ofretard),English,"2,589 sightings(Recent)",Moderately offensive
rice nigger,English,44 sightings,Extremely offensive
rice niggers(plural ofrice nigger),English,22 sightings,-
ricepicker,English,12 sightings,Highly offensive
ricepickers(plural ofricepicker),English,7 sightings,-
roofucker,English,20 sightings(Recent),Extremely offensive
roofuckers(plural ofroofucker),English,1 sighting,Extremely offensive
roundeye,English,149 sightings(Recent),Highly offensive
roundeyes(plural ofroundeye),English,198 sightings(Recent),-
rube,English,437 sightings(Recent),Moderately offensive
rubes(plural ofrube),English,954 sightings(Recent),Mildly offensive
sambo,English,123 sightings(Recent),Extremely offensive
sambos(plural ofsambo),English,"2,435 sightings(Recent)",-
sand ape(variant ofsand nigger),English,33 sightings(Recent),Extremely offensive
sand apes(plural ofsand ape),English,70 sightings(Recent),-
sand monkey(variant ofsand nigger),English,"1,471 sightings(Recent)",Highly offensive
sand monkeys(plural ofsand monkey),English,"1,151 sightings(Recent)",-
sand nigger,English,"4,699 sightings",Extremely offensive
sand niggerette(variant ofsand nigger),English,1 sighting,Extremely offensive
sand niggerettes(plural ofsand niggerette),English,-,-
sand niggers(plural ofsand nigger),English,866 sightings(Recent),-
sand niglet,English,-,Extremely offensive
sand niglets(plural ofsand niglet),English,6 sightings,-
sand nip,English,1 sighting,Extremely offensive
sand nips(plural ofsand nip),English,2 sightings,-
sandnigger(variant ofsand nigger),English,-,-
saracen,English,-,Highly offensive
sawney,English,76 sightings(Recent),Mildly offensive
sawnies(plural ofsawney),English,1 sighting,-
scag,English,-,Highly offensive
scags(plural ofscag),English,264 sightings(Recent),-
scallie,English,157 sightings(Recent),Extremely offensive
scallies(plural ofscallie),English,635 sightings(Recent),-
scally(variant ofscallie),English,428 sightings(Recent),Extremely offensive
scanger(variant ofspide),English,125 sightings(Recent),Highly offensive
scangers(plural ofscanger),English,37 sightings(Recent),-
scobe,English,234 sightings(Recent),Highly offensive
scobes(plural ofscobe),English,134 sightings(Recent),-
scuffer,English,204 sightings(Recent),Extremely offensive
scuffers(plural ofscuffer),English,-,-
semihole,English,13 sightings,Extremely offensive
semiholes(plural ofsemihole),English,9 sightings,-
seminigger(variant ofsand nigger),English,-,-
seminiggers(plural ofseminigger),English,-,-
senga,English,58 sightings(Recent),Mildly offensive
sengas(plural ofsenga),English,171 sightings(Recent),-
seppo,English,-,Highly offensive
seppos(plural ofseppo),English,"1,134 sightings(Recent)",-
septic(variant ofseppo),English,-,Highly offensive
septics(plural ofseptic),English,-,-
shade,English,-,Highly offensive
shades(plural ofshade),English,-,-
shant,English,-,Highly offensive
shants(plural ofshant),English,158 sightings(Recent),Mildly offensive
shanty Irish,English,709 sightings(Recent),Moderately offensive
sheboon,English,"2,416 sightings(Recent)",Extremely offensive
sheboons(plural ofsheboon),English,"1,580 sightings(Recent)",-
sheenies(plural ofsheeny),English,220 sightings(Recent),-
sheeny,English,179 sightings(Recent),Highly offensive
sheepfucker,English,263 sightings(Recent),Extremely offensive
sheepfuckers(plural ofsheepfucker),English,116 sightings,-
sheister(variant ofshyster),English,5 sightings,Extremely offensive
sheisters(plural ofsheister),English,4 sightings,-
shekelnose,English,-,Extremely offensive
shemale,English,"3,329 sightings(Recent)",Extremely offensive
shemales(plural ofshemale),English,176 sightings(Recent),-
shine,English,-,Extremely offensive
shiner(variant ofshine),English,-,Extremely offensive
shiners(plural ofshiner),English,-,-
shines(plural ofshine),English,-,-
shit heel,English,"1,096 sightings(Recent)",Highly offensive
shit heels(plural ofshit heel),English,-,-
shit kicker,English,-,Highly offensive
shit kickers(plural ofshit kicker),English,-,-
shitskinned,English,-,Extremely offensive
shyster,English,17 sightings,Highly offensive
shysters(plural ofshyster),English,6 sightings,-
sideways cooter(variant ofsideways vagina),English,1 sighting,Extremely offensive
sideways cooters(plural ofsideways cooter),English,3 sightings(Recent),-
sideways pussies(plural ofsideways pussy),English,62 sightings(Recent),Extremely offensive
sideways pussy(variant ofsideways vagina),English,447 sightings(Recent),Extremely offensive
sideways vagina,English,507 sightings(Recent),Extremely offensive
sideways vaginas(plural ofsideways vagina),English,124 sightings,Extremely offensive
skag(variant ofscag),English,-,Moderately offensive
skags(plural ofskag),English,-,Moderately offensive
skanger(variant ofspide),English,414 sightings(Recent),Highly offensive
skangers(plural ofskanger),English,156 sightings(Recent),-
skank,English,1 sighting,Moderately offensive
skeet,English,-,-
skeets(plural ofskeet),English,-,-
skinnie(variant ofskinny),English,-,Extremely offensive
skinnies(plural ofskinny),English,-,-
skinny,English,-,Extremely offensive
slag,English,-,Highly offensive
slags(plural ofslag),English,633 sightings(Recent),Highly offensive
slant,English,-,Extremely offensive
slant eye(variant ofslant),English,"1,568 sightings(Recent)",Extremely offensive
slant eyes(plural ofslant eye),English,956 sightings(Recent),Extremely offensive
slants(plural ofslant),English,-,-
slave,English,-,Extremely offensive
slaves(plural ofslave),English,-,Extremely offensive
slit,English,-,Highly offensive
slits(plural ofslit),English,-,-
slope,English,-,Highly offensive
slopehead(variant ofslope),English,72 sightings,Highly offensive
slopeheads(plural ofslopehead),English,22 sightings,-
slopes(plural ofslope),English,-,Highly offensive
slopey(variant ofslope),English,730 sightings(Recent),Extremely offensive
slopies(plural ofslopey),English,-,-
slopy(variant ofslope),English,-,Extremely offensive
slut,English,572 sightings(Recent),Highly offensive
sluts(plural ofslut),English,608 sightings(Recent),Extremely offensive
smick,English,601 sightings(Recent),Mildly offensive
smicks(plural ofsmick),English,235 sightings(Recent),-
smoke jumper,English,"1,161 sightings(Recent)",Highly offensive
smoke jumpers(plural ofsmoke jumper),English,853 sightings(Recent),-
smoked Irish,English,54 sightings(Recent),Highly offensive
smoked Irishman(variant ofsmoked Irish),English,7 sightings,Extremely offensive
smoked Irishmen(plural ofsmoked Irishman),English,2 sightings,-
snout,English,-,Extremely offensive
snouts(plural ofsnout),English,-,-
snowflake,English,-,Highly offensive
snowflakes(plural ofsnowflake),English,-,-
sole,English,-,Highly offensive
soles(plural ofsole),English,-,-
sooties(plural ofsooty),English,134 sightings(Recent),-
sooty,English,1 sighting,Highly offensive
soup taker,English,369 sightings(Recent),Highly offensive
soup takers(plural ofsoup taker),English,231 sightings(Recent),-
spade,English,-,Extremely offensive
spades(plural ofspade),English,-,-
spaz,English,885 sightings(Recent),Moderately offensive
spear chucker,English,"2,349 sightings(Recent)",Extremely offensive
spear chuckers(plural ofspear chucker),English,816 sightings(Recent),-
sperg,English,"2,421 sightings(Recent)",Moderately offensive
spergs(plural ofsperg),English,"1,292 sightings(Recent)",Mildly offensive
spic,English,761 sightings(Recent),Highly offensive
spice nigger(variant ofnigger),English,10 sightings,Extremely offensive
spice niggers(plural ofspice nigger),English,5 sightings,Extremely offensive
spicish(variant ofspic),English,30 sightings,Extremely offensive
spick(variant ofspic),English,545 sightings(Recent),Extremely offensive
spickaboo,English,-,Extremely offensive
spickaboos(plural ofspickaboo),English,-,-
spickish(variant ofspick),English,6 sightings,Extremely offensive
spicks(plural ofspick),English,543 sightings(Recent),Highly offensive
spiclet(variant ofspic),English,14 sightings(Recent),Highly offensive
spics(plural ofspic),English,"1,565 sightings(Recent)",Highly offensive
spicspeak(variant ofspic),English,1 sighting,Extremely offensive
spide,English,154 sightings(Recent),Extremely offensive
spides(plural ofspide),English,242 sightings(Recent),-
spig(variant ofspic),English,194 sightings(Recent),Extremely offensive
spigger(variant ofspickaboo),English,181 sightings(Recent),Extremely offensive
spiggers(plural ofspigger),English,30 sightings,-
spiggotties(plural ofspigotty),English,-,-
spigotty(variant ofspic),English,35 sightings,Extremely offensive
spigs(plural ofspig),English,23 sightings,-
spik(variant ofspic),English,176 sightings(Recent),Extremely offensive
spike,English,-,Highly offensive
spikes(plural ofspike),English,-,-
spiks(plural ofspik),English,192 sightings(Recent),-
spink,English,42 sightings(Recent),Extremely offensive
spinks,English,16 sightings,Extremely offensive
spiv,English,"1,285 sightings(Recent)",Moderately offensive
spivs(plural ofspiv),English,"1,132 sightings(Recent)",Mildly offensive
spook,English,2 sightings,Extremely offensive
spooks(plural ofspook),English,-,-
squarehead,English,-,Highly offensive
squareheads(plural ofsquarehead),English,-,-
squaw,English,516 sightings(Recent),Extremely offensive
squaws(plural ofsquaw),English,558 sightings(Recent),Extremely offensive
squinties(plural ofsquinty),English,27 sightings,-
squinty,English,-,Extremely offensive
steek(variant ofspide),English,66 sightings(Recent),Extremely offensive
steeks(plural ofsteek),English,93 sightings(Recent),-
stovepipe,English,-,Extremely offensive
stovepipes(plural ofstovepipe),English,-,-
stump jumper,English,135 sightings(Recent),Highly offensive
stump jumpers(plural ofstump jumper),English,176 sightings(Recent),-
sub human,English,-,Extremely offensive
sucker fish,English,-,Highly offensive
suntan,English,-,Highly offensive
suntans(plural ofsuntan),English,-,-
suspook,English,24 sightings,Extremely offensive
taco nigger,English,29 sightings,Extremely offensive
taco niggers(plural oftaco nigger),English,9 sightings,-
tan,English,-,Highly offensive
tans(plural oftan),English,-,Highly offensive
taqiyya,English,226 sightings(Recent),Extremely offensive
tar babies(plural oftar baby),English,867 sightings(Recent),-
tar baby,English,603 sightings(Recent),Extremely offensive
tard(variant ofretard),English,108 sightings(Recent),Highly offensive
tarded(variant ofretarded),English,"1,305 sightings(Recent)",Extremely offensive
tards(plural oftard),English,"1,149 sightings(Recent)",Moderately offensive
teapot,English,-,Highly offensive
teapots(plural ofteapot),English,-,-
tenker(variant oftinker),English,-,Highly offensive
tenkers(plural oftenker),English,1 sighting,-
the goyim know,English,97 sightings(Recent),-
thicklips,English,40 sightings(Recent),Extremely offensive
three fifth,English,-,Extremely offensive
three fifths(variant ofthree fifth),English,-,Extremely offensive
tiger,English,-,Extremely offensive
tigers(plural oftiger),English,-,-
timber nigger,English,23 sightings,Extremely offensive
timber niggers(plural oftimber nigger),English,7 sightings,-
tincker(variant oftinker),English,8 sightings,Extremely offensive
tinckers(plural oftincker),English,-,Extremely offensive
tinkar(variant oftinker),English,10 sightings,Moderately offensive
tinkard(variant oftinker),English,1 sighting,Extremely offensive
tinkards(plural oftinkard),English,-,-
tinkars(plural oftinkar),English,-,Mildly offensive
tinker,English,-,Highly offensive
tinkere(variant oftinker),English,10 sightings(Recent),Extremely offensive
tinkeres(plural oftinkere),English,29 sightings(Recent),-
tinkers(plural oftinker),English,-,Highly offensive
toad,English,-,Highly offensive
toff,English,-,-
toffs(plural oftoff),English,-,-
touch of the tar brush,English,382 sightings(Recent),Extremely offensive
towel head(variant ofraghead),English,667 sightings(Recent),Extremely offensive
towel heads(plural oftowel head),English,"1,663 sightings(Recent)",-
trailer park trash(variant ofwhite trash),English,"4,688 sightings(Recent)",Highly offensive
trailer trash(variant ofwhite trash),English,"5,077 sightings(Recent)",Extremely offensive
trannies(plural oftranny),English,"3,073 sightings(Recent)",Highly offensive
tranny,English,"3,296 sightings(Recent)",Highly offensive
trash(variant ofwhite trash),English,-,Moderately offensive
tree jumper(variant ofstump jumper),English,174 sightings(Recent),Moderately offensive
tree jumpers(plural oftree jumper),English,92 sightings(Recent),Mildly offensive
tree nigger,English,19 sightings,Extremely offensive
tree niggers(plural oftree nigger),English,20 sightings,Extremely offensive
tunnel digger,English,-,Extremely offensive
tunnel diggers(plural oftunnel digger),English,-,-
turkroach,English,-,-
twat,English,-,Mildly offensive
twats(plural oftwat),English,"1,060 sightings(Recent)",Mildly offensive
tyncar(variant oftinker),English,-,Extremely offensive
tyncars(plural oftyncar),English,-,-
tynekere(variant oftinker),English,1 sighting,Extremely offensive
tynekeres(plural oftynekere),English,-,-
tynkard(variant oftinker),English,-,Extremely offensive
tynkards(plural oftynkard),English,-,-
tynkare(variant oftinker),English,-,Extremely offensive
tynkares(plural oftynkare),English,-,-
tynker(variant oftinker),English,318 sightings(Recent),Extremely offensive
tynkere(variant oftinker),English,-,Extremely offensive
tynkeres(plural oftynkere),English,-,-
tynkers(plural oftynker),English,-,-
uncircumcised baboon,English,43 sightings(Recent),Extremely offensive
uncircumcised baboons(plural ofuncircumcised baboon),English,7 sightings,-
velvet mafia(variant ofgay mafia),English,39 sightings(Recent),Mildly offensive
virago,English,47 sightings(Recent),-
wagon burner,English,474 sightings(Recent),Extremely offensive
wagon burners(plural ofwagon burner),English,159 sightings(Recent),-
wapanese,English,92 sightings(Recent),Highly offensive
wegro,English,116 sightings(Recent),Extremely offensive
wegroes(plural ofwegro),English,16 sightings(Recent),-
wetback,English,"4,158 sightings(Recent)",Extremely offensive
wetbacks(plural ofwetback),English,"2,987 sightings(Recent)",-
wexican,English,894 sightings(Recent),Highly offensive
wexicans(plural ofwexican),English,190 sightings(Recent),-
whigga,English,"2,857 sightings(Recent)",Highly offensive
whiggas(plural ofwhigga),English,655 sightings(Recent),Moderately offensive
whigger(variant ofwhite nigger),English,"2,302 sightings(Recent)",Extremely offensive
whiggers(plural ofwhigger),English,632 sightings(Recent),-
white chocolate,English,-,Moderately offensive
white nigger,English,161 sightings,Extremely offensive
white niggers(plural ofwhite nigger),English,137 sightings,-
white trash,English,"1,534 sightings(Recent)",Moderately offensive
whitey,English,872 sightings(Recent),Extremely offensive
whitie(variant ofwhitey),English,8 sightings,-
whities(plural ofwhitey),English,-,Highly offensive
whore,English,964 sightings(Recent),Highly offensive
whores(plural ofwhore),English,"1,393 sightings(Recent)",-
whoriental,English,10 sightings,-
whorientals(plural ofwhoriental),English,5 sightings,-
wigga(variant ofwhite nigger),English,"7,129 sightings(Recent)",Extremely offensive
wiggas(plural ofwigga),English,"5,621 sightings(Recent)",-
wigger(variant ofwhite nigger),English,"5,661 sightings(Recent)",Extremely offensive
wiggerette(variant ofwhite nigger),English,8 sightings,Extremely offensive
wiggerettes(plural ofwiggerette),English,8 sightings,-
wiggers(plural ofwigger),English,"1,003 sightings(Recent)",-
wink,English,-,Highly offensive
winks(plural ofwink),English,-,-
wog,English,371 sightings(Recent),Highly offensive
wogs(plural ofwog),English,"3,275 sightings(Recent)",-
wop,English,458 sightings(Recent),Highly offensive
wops(plural ofwop),English,"2,885 sightings(Recent)",Moderately offensive
wopspeak(variant ofwop),English,-,Extremely offensive
yard ape,English,428 sightings(Recent),Extremely offensive
yard apes(plural ofyard ape),English,375 sightings(Recent),-
yardie,English,"1,895 sightings(Recent)",Highly offensive
yardies(plural ofyardie),English,-,-
yellow,English,-,Extremely offensive
yellow bone,English,"2,164 sightings(Recent)",Moderately offensive
yellow bones(plural ofyellow bone),English,"1,828 sightings(Recent)",-
yellow cab(transliteration ofイエローキャブ),English,-,-
yellow cabs(plural ofyellow cab),English,-,-
yellow invader,English,26 sightings,Extremely offensive
yellow invaders(plural ofyellow invader),English,10 sightings,-
yellowhammer,English,-,-
yellows(plural ofyellow),English,-,Extremely offensive
yid,English,-,Extremely offensive
yids(plural ofyid),English,"2,883 sightings(Recent)",-
yob,English,-,Highly offensive
yobbo(variant ofyob),English,"1,254 sightings(Recent)",Highly offensive
yobbos(plural ofyobbo),English,"1,478 sightings(Recent)",-
yobs(plural ofyob),English,711 sightings(Recent),-
yokel,English,"1,538 sightings(Recent)",Highly offensive
yokels(plural ofyokel),English,"1,431 sightings(Recent)",Moderately offensive
zebra,English,-,Moderately offensive
zebras(plural ofzebra),English,-,Moderately offensive
zhid(variant ofyid),English,93 sightings(Recent),-
zhidovka(variant ofyid),English,4 sightings(Recent),-
zhyd(variant ofyid),English,20 sightings(Recent),-
zhydovka(variant ofyid),English,1 sighting,-
zigabo(variant ofjigaboo),English,20 sightings,Highly offensive
zigabos(plural ofzigabo),English,1 sighting,Moderately offensive
ziojew,English,70 sightings(Recent),Extremely offensive
ziojews(plural ofziojew),English,51 sightings(Recent),-
zip,English,-,Extremely offensive
zipperhead(variant ofzip),English,"1,012 sightings(Recent)",Extremely offensive
zipperheads(plural ofzipperhead),English,298 sightings(Recent),-
zippohead(variant ofzip),English,-,Extremely offensive
zippoheads(plural ofzippohead),English,-,-
zips(plural ofzip),English,-,-
